rl_benchmarks,./benchmarks/rl_benchmarks/onnx/cartpole.onnx,./benchmarks/rl_benchmarks/vnnlib/cartpole_case_unsafe_0.vnnlib,.604934861,unsat,.308071119
rl_benchmarks,./benchmarks/rl_benchmarks/onnx/cartpole.onnx,./benchmarks/rl_benchmarks/vnnlib/cartpole_case_unsafe_1.vnnlib,.606242992,unsat,.264384355
rl_benchmarks,./benchmarks/rl_benchmarks/onnx/cartpole.onnx,./benchmarks/rl_benchmarks/vnnlib/cartpole_case_unsafe_2.vnnlib,.611763345,unsat,.264994117
rl_benchmarks,./benchmarks/rl_benchmarks/onnx/cartpole.onnx,./benchmarks/rl_benchmarks/vnnlib/cartpole_case_unsafe_3.vnnlib,.608729574,unsat,.262003116
rl_benchmarks,./benchmarks/rl_benchmarks/onnx/cartpole.onnx,./benchmarks/rl_benchmarks/vnnlib/cartpole_case_unsafe_4.vnnlib,.606245742,unsat,.266372705
rl_benchmarks,./benchmarks/rl_benchmarks/onnx/cartpole.onnx,./benchmarks/rl_benchmarks/vnnlib/cartpole_case_unsafe_5.vnnlib,.613138021,unsat,.265157131
rl_benchmarks,./benchmarks/rl_benchmarks/onnx/cartpole.onnx,./benchmarks/rl_benchmarks/vnnlib/cartpole_case_unsafe_6.vnnlib,.613005428,unsat,.262856200
rl_benchmarks,./benchmarks/rl_benchmarks/onnx/cartpole.onnx,./benchmarks/rl_benchmarks/vnnlib/cartpole_case_unsafe_7.vnnlib,.615257741,unsat,.268874322
rl_benchmarks,./benchmarks/rl_benchmarks/onnx/cartpole.onnx,./benchmarks/rl_benchmarks/vnnlib/cartpole_case_unsafe_8.vnnlib,.613147455,unsat,.263869406
rl_benchmarks,./benchmarks/rl_benchmarks/onnx/cartpole.onnx,./benchmarks/rl_benchmarks/vnnlib/cartpole_case_safe_9.vnnlib,.612623085,unsat,.266367385
rl_benchmarks,./benchmarks/rl_benchmarks/onnx/cartpole.onnx,./benchmarks/rl_benchmarks/vnnlib/cartpole_case_unsafe_10.vnnlib,.605730918,unsat,.257554517
rl_benchmarks,./benchmarks/rl_benchmarks/onnx/cartpole.onnx,./benchmarks/rl_benchmarks/vnnlib/cartpole_case_unsafe_11.vnnlib,.603918262,unsat,.260642039
rl_benchmarks,./benchmarks/rl_benchmarks/onnx/cartpole.onnx,./benchmarks/rl_benchmarks/vnnlib/cartpole_case_unsafe_12.vnnlib,.604610146,unsat,.267803952
rl_benchmarks,./benchmarks/rl_benchmarks/onnx/cartpole.onnx,./benchmarks/rl_benchmarks/vnnlib/cartpole_case_unsafe_13.vnnlib,.610571302,unsat,.262724751
rl_benchmarks,./benchmarks/rl_benchmarks/onnx/cartpole.onnx,./benchmarks/rl_benchmarks/vnnlib/cartpole_case_safe_14.vnnlib,.603297609,unsat,.263088014
rl_benchmarks,./benchmarks/rl_benchmarks/onnx/cartpole.onnx,./benchmarks/rl_benchmarks/vnnlib/cartpole_case_unsafe_15.vnnlib,.604795158,unsat,.260789354
rl_benchmarks,./benchmarks/rl_benchmarks/onnx/cartpole.onnx,./benchmarks/rl_benchmarks/vnnlib/cartpole_case_unsafe_16.vnnlib,.606969604,unsat,.261606700
rl_benchmarks,./benchmarks/rl_benchmarks/onnx/cartpole.onnx,./benchmarks/rl_benchmarks/vnnlib/cartpole_case_unsafe_17.vnnlib,.607204142,unsat,.260800487
rl_benchmarks,./benchmarks/rl_benchmarks/onnx/cartpole.onnx,./benchmarks/rl_benchmarks/vnnlib/cartpole_case_unsafe_18.vnnlib,.610778701,unsat,.264420327
rl_benchmarks,./benchmarks/rl_benchmarks/onnx/cartpole.onnx,./benchmarks/rl_benchmarks/vnnlib/cartpole_case_unsafe_19.vnnlib,.608056747,unsat,.259139710
rl_benchmarks,./benchmarks/rl_benchmarks/onnx/cartpole.onnx,./benchmarks/rl_benchmarks/vnnlib/cartpole_case_unsafe_20.vnnlib,.605092373,unsat,.260638501
rl_benchmarks,./benchmarks/rl_benchmarks/onnx/cartpole.onnx,./benchmarks/rl_benchmarks/vnnlib/cartpole_case_unsafe_21.vnnlib,.604048086,unsat,.260454528
rl_benchmarks,./benchmarks/rl_benchmarks/onnx/cartpole.onnx,./benchmarks/rl_benchmarks/vnnlib/cartpole_case_unsafe_22.vnnlib,.602658204,unsat,.259425403
rl_benchmarks,./benchmarks/rl_benchmarks/onnx/cartpole.onnx,./benchmarks/rl_benchmarks/vnnlib/cartpole_case_unsafe_23.vnnlib,.602402282,unsat,.268434362
rl_benchmarks,./benchmarks/rl_benchmarks/onnx/cartpole.onnx,./benchmarks/rl_benchmarks/vnnlib/cartpole_case_unsafe_24.vnnlib,.609609645,unsat,.261972026
rl_benchmarks,./benchmarks/rl_benchmarks/onnx/cartpole.onnx,./benchmarks/rl_benchmarks/vnnlib/cartpole_case_unsafe_25.vnnlib,.607581211,unsat,.260259831
rl_benchmarks,./benchmarks/rl_benchmarks/onnx/cartpole.onnx,./benchmarks/rl_benchmarks/vnnlib/cartpole_case_unsafe_26.vnnlib,.607360211,unsat,.260765730
rl_benchmarks,./benchmarks/rl_benchmarks/onnx/cartpole.onnx,./benchmarks/rl_benchmarks/vnnlib/cartpole_case_safe_27.vnnlib,.601929242,unsat,.261890845
rl_benchmarks,./benchmarks/rl_benchmarks/onnx/cartpole.onnx,./benchmarks/rl_benchmarks/vnnlib/cartpole_case_unsafe_28.vnnlib,.603558561,unsat,.262074974
rl_benchmarks,./benchmarks/rl_benchmarks/onnx/cartpole.onnx,./benchmarks/rl_benchmarks/vnnlib/cartpole_case_unsafe_29.vnnlib,.610251514,sat,.421635809
rl_benchmarks,./benchmarks/rl_benchmarks/onnx/cartpole.onnx,./benchmarks/rl_benchmarks/vnnlib/cartpole_case_unsafe_30.vnnlib,.606223165,unsat,.259413626
rl_benchmarks,./benchmarks/rl_benchmarks/onnx/cartpole.onnx,./benchmarks/rl_benchmarks/vnnlib/cartpole_case_unsafe_31.vnnlib,.604206704,unsat,.262012801
rl_benchmarks,./benchmarks/rl_benchmarks/onnx/cartpole.onnx,./benchmarks/rl_benchmarks/vnnlib/cartpole_case_unsafe_32.vnnlib,.601883164,unsat,.259650722
rl_benchmarks,./benchmarks/rl_benchmarks/onnx/cartpole.onnx,./benchmarks/rl_benchmarks/vnnlib/cartpole_case_unsafe_33.vnnlib,.604376324,unsat,.259133121
rl_benchmarks,./benchmarks/rl_benchmarks/onnx/cartpole.onnx,./benchmarks/rl_benchmarks/vnnlib/cartpole_case_unsafe_34.vnnlib,.603144917,unsat,.263953633
rl_benchmarks,./benchmarks/rl_benchmarks/onnx/cartpole.onnx,./benchmarks/rl_benchmarks/vnnlib/cartpole_case_unsafe_35.vnnlib,.611210602,unsat,.263481879
rl_benchmarks,./benchmarks/rl_benchmarks/onnx/cartpole.onnx,./benchmarks/rl_benchmarks/vnnlib/cartpole_case_unsafe_36.vnnlib,.608069710,sat,.412734614
rl_benchmarks,./benchmarks/rl_benchmarks/onnx/cartpole.onnx,./benchmarks/rl_benchmarks/vnnlib/cartpole_case_unsafe_37.vnnlib,.621656396,unsat,.320044323
rl_benchmarks,./benchmarks/rl_benchmarks/onnx/cartpole.onnx,./benchmarks/rl_benchmarks/vnnlib/cartpole_case_unsafe_38.vnnlib,.603368681,unsat,.259581740
rl_benchmarks,./benchmarks/rl_benchmarks/onnx/cartpole.onnx,./benchmarks/rl_benchmarks/vnnlib/cartpole_case_safe_39.vnnlib,.609966425,unsat,.264770041
rl_benchmarks,./benchmarks/rl_benchmarks/onnx/cartpole.onnx,./benchmarks/rl_benchmarks/vnnlib/cartpole_case_unsafe_40.vnnlib,.636770740,unsat,.349689257
rl_benchmarks,./benchmarks/rl_benchmarks/onnx/cartpole.onnx,./benchmarks/rl_benchmarks/vnnlib/cartpole_case_unsafe_41.vnnlib,.663877695,unsat,.260639813
rl_benchmarks,./benchmarks/rl_benchmarks/onnx/cartpole.onnx,./benchmarks/rl_benchmarks/vnnlib/cartpole_case_unsafe_42.vnnlib,.606369699,sat,.410722040
rl_benchmarks,./benchmarks/rl_benchmarks/onnx/cartpole.onnx,./benchmarks/rl_benchmarks/vnnlib/cartpole_case_unsafe_43.vnnlib,.601953301,unsat,.260676828
rl_benchmarks,./benchmarks/rl_benchmarks/onnx/cartpole.onnx,./benchmarks/rl_benchmarks/vnnlib/cartpole_case_unsafe_44.vnnlib,.604217650,sat,.411444785
rl_benchmarks,./benchmarks/rl_benchmarks/onnx/cartpole.onnx,./benchmarks/rl_benchmarks/vnnlib/cartpole_case_safe_45.vnnlib,.609742194,unsat,.262013073
rl_benchmarks,./benchmarks/rl_benchmarks/onnx/cartpole.onnx,./benchmarks/rl_benchmarks/vnnlib/cartpole_case_safe_46.vnnlib,.607015085,unsat,.259959778
rl_benchmarks,./benchmarks/rl_benchmarks/onnx/cartpole.onnx,./benchmarks/rl_benchmarks/vnnlib/cartpole_case_safe_47.vnnlib,.607623472,unsat,.259398452
rl_benchmarks,./benchmarks/rl_benchmarks/onnx/cartpole.onnx,./benchmarks/rl_benchmarks/vnnlib/cartpole_case_safe_48.vnnlib,.607350927,unsat,.261657162
rl_benchmarks,./benchmarks/rl_benchmarks/onnx/cartpole.onnx,./benchmarks/rl_benchmarks/vnnlib/cartpole_case_safe_49.vnnlib,.605487854,unsat,.261733888
rl_benchmarks,./benchmarks/rl_benchmarks/onnx/cartpole.onnx,./benchmarks/rl_benchmarks/vnnlib/cartpole_case_safe_50.vnnlib,.612647554,unsat,.265157166
rl_benchmarks,./benchmarks/rl_benchmarks/onnx/cartpole.onnx,./benchmarks/rl_benchmarks/vnnlib/cartpole_case_safe_51.vnnlib,.611452659,unsat,.265341818
rl_benchmarks,./benchmarks/rl_benchmarks/onnx/cartpole.onnx,./benchmarks/rl_benchmarks/vnnlib/cartpole_case_safe_52.vnnlib,.601761098,unsat,.260812548
rl_benchmarks,./benchmarks/rl_benchmarks/onnx/cartpole.onnx,./benchmarks/rl_benchmarks/vnnlib/cartpole_case_safe_53.vnnlib,.603630297,unsat,.261230561
rl_benchmarks,./benchmarks/rl_benchmarks/onnx/cartpole.onnx,./benchmarks/rl_benchmarks/vnnlib/cartpole_case_safe_54.vnnlib,.603805493,unsat,.258429638
rl_benchmarks,./benchmarks/rl_benchmarks/onnx/cartpole.onnx,./benchmarks/rl_benchmarks/vnnlib/cartpole_case_safe_55.vnnlib,.603267161,unsat,.260785356
rl_benchmarks,./benchmarks/rl_benchmarks/onnx/cartpole.onnx,./benchmarks/rl_benchmarks/vnnlib/cartpole_case_safe_56.vnnlib,.607428603,unsat,.262857134
rl_benchmarks,./benchmarks/rl_benchmarks/onnx/cartpole.onnx,./benchmarks/rl_benchmarks/vnnlib/cartpole_case_safe_57.vnnlib,.606679929,unsat,.258802339
rl_benchmarks,./benchmarks/rl_benchmarks/onnx/cartpole.onnx,./benchmarks/rl_benchmarks/vnnlib/cartpole_case_safe_58.vnnlib,.605948898,unsat,.263332739
rl_benchmarks,./benchmarks/rl_benchmarks/onnx/cartpole.onnx,./benchmarks/rl_benchmarks/vnnlib/cartpole_case_safe_59.vnnlib,.606118178,unsat,.260448748
rl_benchmarks,./benchmarks/rl_benchmarks/onnx/cartpole.onnx,./benchmarks/rl_benchmarks/vnnlib/cartpole_case_safe_60.vnnlib,.610059925,unsat,.259211447
rl_benchmarks,./benchmarks/rl_benchmarks/onnx/cartpole.onnx,./benchmarks/rl_benchmarks/vnnlib/cartpole_case_safe_61.vnnlib,.606194413,unsat,.264643999
rl_benchmarks,./benchmarks/rl_benchmarks/onnx/cartpole.onnx,./benchmarks/rl_benchmarks/vnnlib/cartpole_case_safe_62.vnnlib,.609790238,unsat,.261638496
rl_benchmarks,./benchmarks/rl_benchmarks/onnx/cartpole.onnx,./benchmarks/rl_benchmarks/vnnlib/cartpole_case_safe_63.vnnlib,.604963779,unsat,.260173871
rl_benchmarks,./benchmarks/rl_benchmarks/onnx/cartpole.onnx,./benchmarks/rl_benchmarks/vnnlib/cartpole_case_safe_64.vnnlib,.606605162,unsat,.311103558
rl_benchmarks,./benchmarks/rl_benchmarks/onnx/cartpole.onnx,./benchmarks/rl_benchmarks/vnnlib/cartpole_case_safe_65.vnnlib,.607485758,unsat,.260071651
rl_benchmarks,./benchmarks/rl_benchmarks/onnx/cartpole.onnx,./benchmarks/rl_benchmarks/vnnlib/cartpole_case_safe_66.vnnlib,.606724450,unsat,.309594556
rl_benchmarks,./benchmarks/rl_benchmarks/onnx/cartpole.onnx,./benchmarks/rl_benchmarks/vnnlib/cartpole_case_safe_67.vnnlib,.611395484,unsat,.268305938
rl_benchmarks,./benchmarks/rl_benchmarks/onnx/cartpole.onnx,./benchmarks/rl_benchmarks/vnnlib/cartpole_case_safe_68.vnnlib,.607468285,unsat,.263271124
rl_benchmarks,./benchmarks/rl_benchmarks/onnx/cartpole.onnx,./benchmarks/rl_benchmarks/vnnlib/cartpole_case_safe_69.vnnlib,.610625142,unsat,.262603246
rl_benchmarks,./benchmarks/rl_benchmarks/onnx/cartpole.onnx,./benchmarks/rl_benchmarks/vnnlib/cartpole_case_safe_70.vnnlib,.605142974,unsat,.259672456
rl_benchmarks,./benchmarks/rl_benchmarks/onnx/cartpole.onnx,./benchmarks/rl_benchmarks/vnnlib/cartpole_case_safe_71.vnnlib,.600693563,unsat,.260414845
rl_benchmarks,./benchmarks/rl_benchmarks/onnx/cartpole.onnx,./benchmarks/rl_benchmarks/vnnlib/cartpole_case_safe_72.vnnlib,.605990163,unsat,.263727145
rl_benchmarks,./benchmarks/rl_benchmarks/onnx/cartpole.onnx,./benchmarks/rl_benchmarks/vnnlib/cartpole_case_safe_73.vnnlib,.609392140,unsat,.260108161
rl_benchmarks,./benchmarks/rl_benchmarks/onnx/cartpole.onnx,./benchmarks/rl_benchmarks/vnnlib/cartpole_case_safe_74.vnnlib,.606149817,unsat,.259660481
rl_benchmarks,./benchmarks/rl_benchmarks/onnx/cartpole.onnx,./benchmarks/rl_benchmarks/vnnlib/cartpole_case_safe_75.vnnlib,.601130307,unsat,.258372023
rl_benchmarks,./benchmarks/rl_benchmarks/onnx/cartpole.onnx,./benchmarks/rl_benchmarks/vnnlib/cartpole_case_safe_76.vnnlib,.604646654,unsat,.258294390
rl_benchmarks,./benchmarks/rl_benchmarks/onnx/cartpole.onnx,./benchmarks/rl_benchmarks/vnnlib/cartpole_case_safe_77.vnnlib,.603381735,unsat,.263249691
rl_benchmarks,./benchmarks/rl_benchmarks/onnx/cartpole.onnx,./benchmarks/rl_benchmarks/vnnlib/cartpole_case_safe_78.vnnlib,.611052954,unsat,.263588667
rl_benchmarks,./benchmarks/rl_benchmarks/onnx/cartpole.onnx,./benchmarks/rl_benchmarks/vnnlib/cartpole_case_safe_79.vnnlib,.604012074,unsat,.261183125
rl_benchmarks,./benchmarks/rl_benchmarks/onnx/cartpole.onnx,./benchmarks/rl_benchmarks/vnnlib/cartpole_case_safe_80.vnnlib,.603477600,unsat,.261746752
rl_benchmarks,./benchmarks/rl_benchmarks/onnx/cartpole.onnx,./benchmarks/rl_benchmarks/vnnlib/cartpole_case_safe_81.vnnlib,.600016825,unsat,.260399762
rl_benchmarks,./benchmarks/rl_benchmarks/onnx/cartpole.onnx,./benchmarks/rl_benchmarks/vnnlib/cartpole_case_safe_82.vnnlib,.602792129,unsat,.259406479
rl_benchmarks,./benchmarks/rl_benchmarks/onnx/cartpole.onnx,./benchmarks/rl_benchmarks/vnnlib/cartpole_case_safe_83.vnnlib,.606565321,unsat,.263265176
rl_benchmarks,./benchmarks/rl_benchmarks/onnx/cartpole.onnx,./benchmarks/rl_benchmarks/vnnlib/cartpole_case_safe_84.vnnlib,.612672818,unsat,.262796511
rl_benchmarks,./benchmarks/rl_benchmarks/onnx/cartpole.onnx,./benchmarks/rl_benchmarks/vnnlib/cartpole_case_safe_85.vnnlib,.606507023,unsat,.259198672
rl_benchmarks,./benchmarks/rl_benchmarks/onnx/cartpole.onnx,./benchmarks/rl_benchmarks/vnnlib/cartpole_case_safe_86.vnnlib,.605087245,unsat,.259788566
rl_benchmarks,./benchmarks/rl_benchmarks/onnx/cartpole.onnx,./benchmarks/rl_benchmarks/vnnlib/cartpole_case_safe_87.vnnlib,.602284496,unsat,.260015000
rl_benchmarks,./benchmarks/rl_benchmarks/onnx/cartpole.onnx,./benchmarks/rl_benchmarks/vnnlib/cartpole_case_safe_88.vnnlib,.604651692,unsat,.261041519
rl_benchmarks,./benchmarks/rl_benchmarks/onnx/cartpole.onnx,./benchmarks/rl_benchmarks/vnnlib/cartpole_case_safe_89.vnnlib,.611391257,unsat,.263429460
rl_benchmarks,./benchmarks/rl_benchmarks/onnx/cartpole.onnx,./benchmarks/rl_benchmarks/vnnlib/cartpole_case_safe_90.vnnlib,.606668114,unsat,.262940730
rl_benchmarks,./benchmarks/rl_benchmarks/onnx/cartpole.onnx,./benchmarks/rl_benchmarks/vnnlib/cartpole_case_safe_91.vnnlib,.600788607,unsat,.260933073
rl_benchmarks,./benchmarks/rl_benchmarks/onnx/cartpole.onnx,./benchmarks/rl_benchmarks/vnnlib/cartpole_case_safe_92.vnnlib,.603907398,unsat,.262715875
rl_benchmarks,./benchmarks/rl_benchmarks/onnx/cartpole.onnx,./benchmarks/rl_benchmarks/vnnlib/cartpole_case_safe_93.vnnlib,.605859672,unsat,.258952350
rl_benchmarks,./benchmarks/rl_benchmarks/onnx/cartpole.onnx,./benchmarks/rl_benchmarks/vnnlib/cartpole_case_safe_94.vnnlib,.604257568,unsat,.261717139
rl_benchmarks,./benchmarks/rl_benchmarks/onnx/cartpole.onnx,./benchmarks/rl_benchmarks/vnnlib/cartpole_case_safe_95.vnnlib,.609583942,unsat,.260003774
rl_benchmarks,./benchmarks/rl_benchmarks/onnx/cartpole.onnx,./benchmarks/rl_benchmarks/vnnlib/cartpole_case_safe_96.vnnlib,.611388269,unsat,.260634533
rl_benchmarks,./benchmarks/rl_benchmarks/onnx/cartpole.onnx,./benchmarks/rl_benchmarks/vnnlib/cartpole_case_safe_97.vnnlib,.605380091,unsat,.259776264
rl_benchmarks,./benchmarks/rl_benchmarks/onnx/cartpole.onnx,./benchmarks/rl_benchmarks/vnnlib/cartpole_case_safe_98.vnnlib,.599863370,unsat,.262568661
rl_benchmarks,./benchmarks/rl_benchmarks/onnx/cartpole.onnx,./benchmarks/rl_benchmarks/vnnlib/cartpole_case_safe_99.vnnlib,.604139170,sat,.410861301
rl_benchmarks,./benchmarks/rl_benchmarks/onnx/lunarlander.onnx,./benchmarks/rl_benchmarks/vnnlib/lunarlander_case_safe_0.vnnlib,.617641947,sat,.421125052
rl_benchmarks,./benchmarks/rl_benchmarks/onnx/lunarlander.onnx,./benchmarks/rl_benchmarks/vnnlib/lunarlander_case_safe_1.vnnlib,.610817130,sat,.417152416
rl_benchmarks,./benchmarks/rl_benchmarks/onnx/lunarlander.onnx,./benchmarks/rl_benchmarks/vnnlib/lunarlander_case_safe_2.vnnlib,.621847425,sat,.420707379
rl_benchmarks,./benchmarks/rl_benchmarks/onnx/lunarlander.onnx,./benchmarks/rl_benchmarks/vnnlib/lunarlander_case_unsafe_3.vnnlib,.606473048,sat,.414551023
rl_benchmarks,./benchmarks/rl_benchmarks/onnx/lunarlander.onnx,./benchmarks/rl_benchmarks/vnnlib/lunarlander_case_unsafe_4.vnnlib,.697521807,sat,.472079238
rl_benchmarks,./benchmarks/rl_benchmarks/onnx/lunarlander.onnx,./benchmarks/rl_benchmarks/vnnlib/lunarlander_case_safe_5.vnnlib,.621298034,sat,.416787431
rl_benchmarks,./benchmarks/rl_benchmarks/onnx/lunarlander.onnx,./benchmarks/rl_benchmarks/vnnlib/lunarlander_case_safe_6.vnnlib,.610934820,sat,.419676463
rl_benchmarks,./benchmarks/rl_benchmarks/onnx/lunarlander.onnx,./benchmarks/rl_benchmarks/vnnlib/lunarlander_case_safe_7.vnnlib,.610244586,sat,.416906346
rl_benchmarks,./benchmarks/rl_benchmarks/onnx/lunarlander.onnx,./benchmarks/rl_benchmarks/vnnlib/lunarlander_case_safe_8.vnnlib,.611304032,sat,.417855478
rl_benchmarks,./benchmarks/rl_benchmarks/onnx/lunarlander.onnx,./benchmarks/rl_benchmarks/vnnlib/lunarlander_case_safe_9.vnnlib,.615703200,sat,.417486591
rl_benchmarks,./benchmarks/rl_benchmarks/onnx/lunarlander.onnx,./benchmarks/rl_benchmarks/vnnlib/lunarlander_case_safe_10.vnnlib,.611684408,sat,.415601601
rl_benchmarks,./benchmarks/rl_benchmarks/onnx/lunarlander.onnx,./benchmarks/rl_benchmarks/vnnlib/lunarlander_case_safe_11.vnnlib,.610685095,sat,.414070219
rl_benchmarks,./benchmarks/rl_benchmarks/onnx/lunarlander.onnx,./benchmarks/rl_benchmarks/vnnlib/lunarlander_case_safe_12.vnnlib,.668779975,unsat,1.772420829
rl_benchmarks,./benchmarks/rl_benchmarks/onnx/lunarlander.onnx,./benchmarks/rl_benchmarks/vnnlib/lunarlander_case_safe_13.vnnlib,.616528950,sat,.418160644
rl_benchmarks,./benchmarks/rl_benchmarks/onnx/lunarlander.onnx,./benchmarks/rl_benchmarks/vnnlib/lunarlander_case_safe_14.vnnlib,.613760646,sat,.466829816
rl_benchmarks,./benchmarks/rl_benchmarks/onnx/lunarlander.onnx,./benchmarks/rl_benchmarks/vnnlib/lunarlander_case_safe_15.vnnlib,.609116707,sat,.417095270
rl_benchmarks,./benchmarks/rl_benchmarks/onnx/lunarlander.onnx,./benchmarks/rl_benchmarks/vnnlib/lunarlander_case_unsafe_16.vnnlib,.611386452,sat,.467192713
rl_benchmarks,./benchmarks/rl_benchmarks/onnx/lunarlander.onnx,./benchmarks/rl_benchmarks/vnnlib/lunarlander_case_safe_17.vnnlib,.611307311,unsat,.920639689
rl_benchmarks,./benchmarks/rl_benchmarks/onnx/lunarlander.onnx,./benchmarks/rl_benchmarks/vnnlib/lunarlander_case_safe_18.vnnlib,.612435447,sat,.417094613
rl_benchmarks,./benchmarks/rl_benchmarks/onnx/lunarlander.onnx,./benchmarks/rl_benchmarks/vnnlib/lunarlander_case_safe_19.vnnlib,.608809897,unsat,.316153319
rl_benchmarks,./benchmarks/rl_benchmarks/onnx/lunarlander.onnx,./benchmarks/rl_benchmarks/vnnlib/lunarlander_case_unsafe_20.vnnlib,.611280061,sat,.416828878
rl_benchmarks,./benchmarks/rl_benchmarks/onnx/lunarlander.onnx,./benchmarks/rl_benchmarks/vnnlib/lunarlander_case_safe_21.vnnlib,.612329668,sat,.419666833
rl_benchmarks,./benchmarks/rl_benchmarks/onnx/lunarlander.onnx,./benchmarks/rl_benchmarks/vnnlib/lunarlander_case_safe_22.vnnlib,.614124586,sat,.416175318
rl_benchmarks,./benchmarks/rl_benchmarks/onnx/lunarlander.onnx,./benchmarks/rl_benchmarks/vnnlib/lunarlander_case_safe_23.vnnlib,.612919215,sat,.412672326
rl_benchmarks,./benchmarks/rl_benchmarks/onnx/lunarlander.onnx,./benchmarks/rl_benchmarks/vnnlib/lunarlander_case_safe_24.vnnlib,.609136116,sat,.423251826
rl_benchmarks,./benchmarks/rl_benchmarks/onnx/lunarlander.onnx,./benchmarks/rl_benchmarks/vnnlib/lunarlander_case_safe_25.vnnlib,.609364310,sat,.415397840
rl_benchmarks,./benchmarks/rl_benchmarks/onnx/lunarlander.onnx,./benchmarks/rl_benchmarks/vnnlib/lunarlander_case_safe_26.vnnlib,.613764205,sat,.417661060
rl_benchmarks,./benchmarks/rl_benchmarks/onnx/lunarlander.onnx,./benchmarks/rl_benchmarks/vnnlib/lunarlander_case_safe_27.vnnlib,.617024601,sat,.417531679
rl_benchmarks,./benchmarks/rl_benchmarks/onnx/lunarlander.onnx,./benchmarks/rl_benchmarks/vnnlib/lunarlander_case_unsafe_28.vnnlib,.613359160,sat,.418312876
rl_benchmarks,./benchmarks/rl_benchmarks/onnx/lunarlander.onnx,./benchmarks/rl_benchmarks/vnnlib/lunarlander_case_safe_29.vnnlib,.606505671,sat,.419768073
rl_benchmarks,./benchmarks/rl_benchmarks/onnx/lunarlander.onnx,./benchmarks/rl_benchmarks/vnnlib/lunarlander_case_safe_30.vnnlib,.611012365,sat,.416794341
rl_benchmarks,./benchmarks/rl_benchmarks/onnx/lunarlander.onnx,./benchmarks/rl_benchmarks/vnnlib/lunarlander_case_safe_31.vnnlib,.615443595,sat,.421716945
rl_benchmarks,./benchmarks/rl_benchmarks/onnx/lunarlander.onnx,./benchmarks/rl_benchmarks/vnnlib/lunarlander_case_safe_32.vnnlib,.609222303,sat,.417426779
rl_benchmarks,./benchmarks/rl_benchmarks/onnx/lunarlander.onnx,./benchmarks/rl_benchmarks/vnnlib/lunarlander_case_safe_33.vnnlib,.606476576,sat,.415670085
rl_benchmarks,./benchmarks/rl_benchmarks/onnx/lunarlander.onnx,./benchmarks/rl_benchmarks/vnnlib/lunarlander_case_safe_34.vnnlib,.610565041,sat,.413520342
rl_benchmarks,./benchmarks/rl_benchmarks/onnx/lunarlander.onnx,./benchmarks/rl_benchmarks/vnnlib/lunarlander_case_unsafe_35.vnnlib,.608488947,sat,.418706259
rl_benchmarks,./benchmarks/rl_benchmarks/onnx/lunarlander.onnx,./benchmarks/rl_benchmarks/vnnlib/lunarlander_case_safe_36.vnnlib,.618125840,sat,.414507631
rl_benchmarks,./benchmarks/rl_benchmarks/onnx/lunarlander.onnx,./benchmarks/rl_benchmarks/vnnlib/lunarlander_case_safe_37.vnnlib,.607054475,sat,.465879747
rl_benchmarks,./benchmarks/rl_benchmarks/onnx/lunarlander.onnx,./benchmarks/rl_benchmarks/vnnlib/lunarlander_case_safe_38.vnnlib,.606930151,sat,.414567294
rl_benchmarks,./benchmarks/rl_benchmarks/onnx/lunarlander.onnx,./benchmarks/rl_benchmarks/vnnlib/lunarlander_case_safe_39.vnnlib,.612783193,sat,.417033458
rl_benchmarks,./benchmarks/rl_benchmarks/onnx/lunarlander.onnx,./benchmarks/rl_benchmarks/vnnlib/lunarlander_case_safe_40.vnnlib,.613156997,sat,.415464294
rl_benchmarks,./benchmarks/rl_benchmarks/onnx/lunarlander.onnx,./benchmarks/rl_benchmarks/vnnlib/lunarlander_case_safe_41.vnnlib,.615544742,sat,.416560797
rl_benchmarks,./benchmarks/rl_benchmarks/onnx/lunarlander.onnx,./benchmarks/rl_benchmarks/vnnlib/lunarlander_case_safe_42.vnnlib,.613649242,sat,.417203676
rl_benchmarks,./benchmarks/rl_benchmarks/onnx/lunarlander.onnx,./benchmarks/rl_benchmarks/vnnlib/lunarlander_case_safe_43.vnnlib,.616991999,sat,.417622691
rl_benchmarks,./benchmarks/rl_benchmarks/onnx/lunarlander.onnx,./benchmarks/rl_benchmarks/vnnlib/lunarlander_case_safe_44.vnnlib,.612466468,sat,.419405391
rl_benchmarks,./benchmarks/rl_benchmarks/onnx/lunarlander.onnx,./benchmarks/rl_benchmarks/vnnlib/lunarlander_case_unsafe_45.vnnlib,.616379553,sat,.418891955
rl_benchmarks,./benchmarks/rl_benchmarks/onnx/lunarlander.onnx,./benchmarks/rl_benchmarks/vnnlib/lunarlander_case_safe_46.vnnlib,.615266385,sat,.414747249
rl_benchmarks,./benchmarks/rl_benchmarks/onnx/lunarlander.onnx,./benchmarks/rl_benchmarks/vnnlib/lunarlander_case_safe_47.vnnlib,.612925374,sat,.419337318
rl_benchmarks,./benchmarks/rl_benchmarks/onnx/lunarlander.onnx,./benchmarks/rl_benchmarks/vnnlib/lunarlander_case_safe_48.vnnlib,.608901369,sat,.418438273
rl_benchmarks,./benchmarks/rl_benchmarks/onnx/lunarlander.onnx,./benchmarks/rl_benchmarks/vnnlib/lunarlander_case_safe_49.vnnlib,.609405050,sat,.420115044
rl_benchmarks,./benchmarks/rl_benchmarks/onnx/lunarlander.onnx,./benchmarks/rl_benchmarks/vnnlib/lunarlander_case_safe_50.vnnlib,.616564795,sat,.418898861
rl_benchmarks,./benchmarks/rl_benchmarks/onnx/lunarlander.onnx,./benchmarks/rl_benchmarks/vnnlib/lunarlander_case_unsafe_51.vnnlib,.611256769,sat,.418278302
rl_benchmarks,./benchmarks/rl_benchmarks/onnx/lunarlander.onnx,./benchmarks/rl_benchmarks/vnnlib/lunarlander_case_safe_52.vnnlib,.608413728,unsat,.265477999
rl_benchmarks,./benchmarks/rl_benchmarks/onnx/lunarlander.onnx,./benchmarks/rl_benchmarks/vnnlib/lunarlander_case_safe_53.vnnlib,.609297922,sat,.419705756
rl_benchmarks,./benchmarks/rl_benchmarks/onnx/lunarlander.onnx,./benchmarks/rl_benchmarks/vnnlib/lunarlander_case_unsafe_54.vnnlib,.610479875,unsat,.316564813
rl_benchmarks,./benchmarks/rl_benchmarks/onnx/lunarlander.onnx,./benchmarks/rl_benchmarks/vnnlib/lunarlander_case_safe_55.vnnlib,.616893543,sat,.424782755
rl_benchmarks,./benchmarks/rl_benchmarks/onnx/lunarlander.onnx,./benchmarks/rl_benchmarks/vnnlib/lunarlander_case_safe_56.vnnlib,.611855213,sat,.467214709
rl_benchmarks,./benchmarks/rl_benchmarks/onnx/lunarlander.onnx,./benchmarks/rl_benchmarks/vnnlib/lunarlander_case_safe_57.vnnlib,.619173428,sat,.414517268
rl_benchmarks,./benchmarks/rl_benchmarks/onnx/lunarlander.onnx,./benchmarks/rl_benchmarks/vnnlib/lunarlander_case_safe_58.vnnlib,.608967619,sat,.429084532
rl_benchmarks,./benchmarks/rl_benchmarks/onnx/lunarlander.onnx,./benchmarks/rl_benchmarks/vnnlib/lunarlander_case_safe_59.vnnlib,.673192076,sat,.456855037
rl_benchmarks,./benchmarks/rl_benchmarks/onnx/lunarlander.onnx,./benchmarks/rl_benchmarks/vnnlib/lunarlander_case_safe_60.vnnlib,.612659647,sat,.463938236
rl_benchmarks,./benchmarks/rl_benchmarks/onnx/lunarlander.onnx,./benchmarks/rl_benchmarks/vnnlib/lunarlander_case_unsafe_61.vnnlib,.630430447,sat,.415104889
rl_benchmarks,./benchmarks/rl_benchmarks/onnx/lunarlander.onnx,./benchmarks/rl_benchmarks/vnnlib/lunarlander_case_safe_62.vnnlib,.608299536,sat,.413714070
rl_benchmarks,./benchmarks/rl_benchmarks/onnx/lunarlander.onnx,./benchmarks/rl_benchmarks/vnnlib/lunarlander_case_safe_63.vnnlib,.613009056,sat,.418844272
rl_benchmarks,./benchmarks/rl_benchmarks/onnx/lunarlander.onnx,./benchmarks/rl_benchmarks/vnnlib/lunarlander_case_unsafe_64.vnnlib,.616614485,unsat,.317400223
rl_benchmarks,./benchmarks/rl_benchmarks/onnx/lunarlander.onnx,./benchmarks/rl_benchmarks/vnnlib/lunarlander_case_unsafe_65.vnnlib,.607844937,sat,.419150131
rl_benchmarks,./benchmarks/rl_benchmarks/onnx/lunarlander.onnx,./benchmarks/rl_benchmarks/vnnlib/lunarlander_case_safe_66.vnnlib,.611630366,sat,.416023694
rl_benchmarks,./benchmarks/rl_benchmarks/onnx/lunarlander.onnx,./benchmarks/rl_benchmarks/vnnlib/lunarlander_case_unsafe_67.vnnlib,.611925796,unsat,.313967261
rl_benchmarks,./benchmarks/rl_benchmarks/onnx/lunarlander.onnx,./benchmarks/rl_benchmarks/vnnlib/lunarlander_case_safe_68.vnnlib,.615767305,sat,.416272584
rl_benchmarks,./benchmarks/rl_benchmarks/onnx/lunarlander.onnx,./benchmarks/rl_benchmarks/vnnlib/lunarlander_case_unsafe_69.vnnlib,.616578822,sat,.418729947
rl_benchmarks,./benchmarks/rl_benchmarks/onnx/lunarlander.onnx,./benchmarks/rl_benchmarks/vnnlib/lunarlander_case_unsafe_70.vnnlib,.610393209,sat,.416767642
rl_benchmarks,./benchmarks/rl_benchmarks/onnx/lunarlander.onnx,./benchmarks/rl_benchmarks/vnnlib/lunarlander_case_safe_71.vnnlib,.607692588,sat,.414022550
rl_benchmarks,./benchmarks/rl_benchmarks/onnx/lunarlander.onnx,./benchmarks/rl_benchmarks/vnnlib/lunarlander_case_unsafe_72.vnnlib,.606416732,unsat,.262849264
rl_benchmarks,./benchmarks/rl_benchmarks/onnx/lunarlander.onnx,./benchmarks/rl_benchmarks/vnnlib/lunarlander_case_unsafe_73.vnnlib,.610056130,sat,.420064172
rl_benchmarks,./benchmarks/rl_benchmarks/onnx/lunarlander.onnx,./benchmarks/rl_benchmarks/vnnlib/lunarlander_case_safe_74.vnnlib,.615156156,unsat,.315868770
rl_benchmarks,./benchmarks/rl_benchmarks/onnx/lunarlander.onnx,./benchmarks/rl_benchmarks/vnnlib/lunarlander_case_unsafe_75.vnnlib,.607471851,unsat,.263391516
rl_benchmarks,./benchmarks/rl_benchmarks/onnx/lunarlander.onnx,./benchmarks/rl_benchmarks/vnnlib/lunarlander_case_unsafe_76.vnnlib,.610947590,sat,.415419519
rl_benchmarks,./benchmarks/rl_benchmarks/onnx/lunarlander.onnx,./benchmarks/rl_benchmarks/vnnlib/lunarlander_case_safe_77.vnnlib,.612458796,sat,.414426005
rl_benchmarks,./benchmarks/rl_benchmarks/onnx/lunarlander.onnx,./benchmarks/rl_benchmarks/vnnlib/lunarlander_case_unsafe_78.vnnlib,.609045385,unsat,.317524662
rl_benchmarks,./benchmarks/rl_benchmarks/onnx/lunarlander.onnx,./benchmarks/rl_benchmarks/vnnlib/lunarlander_case_safe_79.vnnlib,.612872504,unsat,.266645301
rl_benchmarks,./benchmarks/rl_benchmarks/onnx/lunarlander.onnx,./benchmarks/rl_benchmarks/vnnlib/lunarlander_case_safe_80.vnnlib,.607997428,unsat,.262564630
rl_benchmarks,./benchmarks/rl_benchmarks/onnx/lunarlander.onnx,./benchmarks/rl_benchmarks/vnnlib/lunarlander_case_safe_81.vnnlib,.608793518,sat,.417161730
rl_benchmarks,./benchmarks/rl_benchmarks/onnx/lunarlander.onnx,./benchmarks/rl_benchmarks/vnnlib/lunarlander_case_unsafe_82.vnnlib,.607690374,unsat,.314166919
rl_benchmarks,./benchmarks/rl_benchmarks/onnx/lunarlander.onnx,./benchmarks/rl_benchmarks/vnnlib/lunarlander_case_safe_83.vnnlib,.615450480,unsat,.268155117
rl_benchmarks,./benchmarks/rl_benchmarks/onnx/lunarlander.onnx,./benchmarks/rl_benchmarks/vnnlib/lunarlander_case_unsafe_84.vnnlib,.615835384,sat,.415115284
rl_benchmarks,./benchmarks/rl_benchmarks/onnx/lunarlander.onnx,./benchmarks/rl_benchmarks/vnnlib/lunarlander_case_unsafe_85.vnnlib,.618856654,sat,.413340864
rl_benchmarks,./benchmarks/rl_benchmarks/onnx/lunarlander.onnx,./benchmarks/rl_benchmarks/vnnlib/lunarlander_case_safe_86.vnnlib,.610431202,sat,.414172258
rl_benchmarks,./benchmarks/rl_benchmarks/onnx/lunarlander.onnx,./benchmarks/rl_benchmarks/vnnlib/lunarlander_case_safe_87.vnnlib,.608491293,sat,.416193266
rl_benchmarks,./benchmarks/rl_benchmarks/onnx/lunarlander.onnx,./benchmarks/rl_benchmarks/vnnlib/lunarlander_case_safe_88.vnnlib,.613288988,sat,.421291000
rl_benchmarks,./benchmarks/rl_benchmarks/onnx/lunarlander.onnx,./benchmarks/rl_benchmarks/vnnlib/lunarlander_case_safe_89.vnnlib,.613384331,unsat,.263923937
rl_benchmarks,./benchmarks/rl_benchmarks/onnx/lunarlander.onnx,./benchmarks/rl_benchmarks/vnnlib/lunarlander_case_unsafe_90.vnnlib,.612787731,unsat,.266733784
rl_benchmarks,./benchmarks/rl_benchmarks/onnx/lunarlander.onnx,./benchmarks/rl_benchmarks/vnnlib/lunarlander_case_unsafe_91.vnnlib,.608481048,unsat,.264048980
rl_benchmarks,./benchmarks/rl_benchmarks/onnx/lunarlander.onnx,./benchmarks/rl_benchmarks/vnnlib/lunarlander_case_unsafe_92.vnnlib,.604696093,unsat,.262410491
rl_benchmarks,./benchmarks/rl_benchmarks/onnx/lunarlander.onnx,./benchmarks/rl_benchmarks/vnnlib/lunarlander_case_unsafe_93.vnnlib,.611997716,sat,.420673786
rl_benchmarks,./benchmarks/rl_benchmarks/onnx/lunarlander.onnx,./benchmarks/rl_benchmarks/vnnlib/lunarlander_case_unsafe_94.vnnlib,.619028906,unsat,.312784409
rl_benchmarks,./benchmarks/rl_benchmarks/onnx/lunarlander.onnx,./benchmarks/rl_benchmarks/vnnlib/lunarlander_case_unsafe_95.vnnlib,.610732581,sat,.416241307
rl_benchmarks,./benchmarks/rl_benchmarks/onnx/lunarlander.onnx,./benchmarks/rl_benchmarks/vnnlib/lunarlander_case_unsafe_96.vnnlib,.608441884,sat,.416924630
rl_benchmarks,./benchmarks/rl_benchmarks/onnx/lunarlander.onnx,./benchmarks/rl_benchmarks/vnnlib/lunarlander_case_unsafe_97.vnnlib,.611548461,sat,.415320063
rl_benchmarks,./benchmarks/rl_benchmarks/onnx/lunarlander.onnx,./benchmarks/rl_benchmarks/vnnlib/lunarlander_case_unsafe_98.vnnlib,.610689159,sat,.420160953
rl_benchmarks,./benchmarks/rl_benchmarks/onnx/lunarlander.onnx,./benchmarks/rl_benchmarks/vnnlib/lunarlander_case_unsafe_99.vnnlib,.615342773,sat,.416678314
rl_benchmarks,./benchmarks/rl_benchmarks/onnx/dubinsrejoin.onnx,./benchmarks/rl_benchmarks/vnnlib/dubinsrejoin_case_safe_0.vnnlib,1.211793859,unsat,.515527359
rl_benchmarks,./benchmarks/rl_benchmarks/onnx/dubinsrejoin.onnx,./benchmarks/rl_benchmarks/vnnlib/dubinsrejoin_case_safe_1.vnnlib,1.197473765,unsat,.518651306
rl_benchmarks,./benchmarks/rl_benchmarks/onnx/dubinsrejoin.onnx,./benchmarks/rl_benchmarks/vnnlib/dubinsrejoin_case_unsafe_2.vnnlib,1.208126073,unsat,.518216416
rl_benchmarks,./benchmarks/rl_benchmarks/onnx/dubinsrejoin.onnx,./benchmarks/rl_benchmarks/vnnlib/dubinsrejoin_case_safe_3.vnnlib,1.212515440,unsat,.513657171
rl_benchmarks,./benchmarks/rl_benchmarks/onnx/dubinsrejoin.onnx,./benchmarks/rl_benchmarks/vnnlib/dubinsrejoin_case_unsafe_4.vnnlib,1.204810436,unsat,.518737441
rl_benchmarks,./benchmarks/rl_benchmarks/onnx/dubinsrejoin.onnx,./benchmarks/rl_benchmarks/vnnlib/dubinsrejoin_case_unsafe_5.vnnlib,1.221467213,unsat,.516839296
rl_benchmarks,./benchmarks/rl_benchmarks/onnx/dubinsrejoin.onnx,./benchmarks/rl_benchmarks/vnnlib/dubinsrejoin_case_safe_6.vnnlib,1.221269129,unsat,.517233904
rl_benchmarks,./benchmarks/rl_benchmarks/onnx/dubinsrejoin.onnx,./benchmarks/rl_benchmarks/vnnlib/dubinsrejoin_case_unsafe_7.vnnlib,1.199820410,unsat,.517861504
rl_benchmarks,./benchmarks/rl_benchmarks/onnx/dubinsrejoin.onnx,./benchmarks/rl_benchmarks/vnnlib/dubinsrejoin_case_unsafe_8.vnnlib,1.196265258,unsat,1.621112519
rl_benchmarks,./benchmarks/rl_benchmarks/onnx/dubinsrejoin.onnx,./benchmarks/rl_benchmarks/vnnlib/dubinsrejoin_case_unsafe_9.vnnlib,1.204982809,unsat,1.271474801
rl_benchmarks,./benchmarks/rl_benchmarks/onnx/dubinsrejoin.onnx,./benchmarks/rl_benchmarks/vnnlib/dubinsrejoin_case_safe_10.vnnlib,1.205426367,unsat,1.269708907
rl_benchmarks,./benchmarks/rl_benchmarks/onnx/dubinsrejoin.onnx,./benchmarks/rl_benchmarks/vnnlib/dubinsrejoin_case_unsafe_11.vnnlib,1.198775295,unsat,.516812738
rl_benchmarks,./benchmarks/rl_benchmarks/onnx/dubinsrejoin.onnx,./benchmarks/rl_benchmarks/vnnlib/dubinsrejoin_case_safe_12.vnnlib,1.207187004,unsat,.517101485
rl_benchmarks,./benchmarks/rl_benchmarks/onnx/dubinsrejoin.onnx,./benchmarks/rl_benchmarks/vnnlib/dubinsrejoin_case_safe_13.vnnlib,1.215775641,unsat,1.115380301
rl_benchmarks,./benchmarks/rl_benchmarks/onnx/dubinsrejoin.onnx,./benchmarks/rl_benchmarks/vnnlib/dubinsrejoin_case_safe_14.vnnlib,1.208871296,unsat,.516607003
rl_benchmarks,./benchmarks/rl_benchmarks/onnx/dubinsrejoin.onnx,./benchmarks/rl_benchmarks/vnnlib/dubinsrejoin_case_safe_15.vnnlib,1.209305791,unsat,1.369205722
rl_benchmarks,./benchmarks/rl_benchmarks/onnx/dubinsrejoin.onnx,./benchmarks/rl_benchmarks/vnnlib/dubinsrejoin_case_safe_16.vnnlib,1.214338508,unsat,1.119886718
rl_benchmarks,./benchmarks/rl_benchmarks/onnx/dubinsrejoin.onnx,./benchmarks/rl_benchmarks/vnnlib/dubinsrejoin_case_safe_17.vnnlib,1.199731941,unsat,1.268729571
rl_benchmarks,./benchmarks/rl_benchmarks/onnx/dubinsrejoin.onnx,./benchmarks/rl_benchmarks/vnnlib/dubinsrejoin_case_unsafe_18.vnnlib,1.207386937,unsat,5.881885897
rl_benchmarks,./benchmarks/rl_benchmarks/onnx/dubinsrejoin.onnx,./benchmarks/rl_benchmarks/vnnlib/dubinsrejoin_case_unsafe_19.vnnlib,1.223050416,unsat,.518382375
rl_benchmarks,./benchmarks/rl_benchmarks/onnx/dubinsrejoin.onnx,./benchmarks/rl_benchmarks/vnnlib/dubinsrejoin_case_unsafe_20.vnnlib,1.211233889,unsat,.518487603
rl_benchmarks,./benchmarks/rl_benchmarks/onnx/dubinsrejoin.onnx,./benchmarks/rl_benchmarks/vnnlib/dubinsrejoin_case_unsafe_21.vnnlib,1.230844349,unsat,6.386271355
rl_benchmarks,./benchmarks/rl_benchmarks/onnx/dubinsrejoin.onnx,./benchmarks/rl_benchmarks/vnnlib/dubinsrejoin_case_unsafe_22.vnnlib,1.204911787,unsat,.516572830
rl_benchmarks,./benchmarks/rl_benchmarks/onnx/dubinsrejoin.onnx,./benchmarks/rl_benchmarks/vnnlib/dubinsrejoin_case_unsafe_23.vnnlib,1.243544254,unsat,.516405385
rl_benchmarks,./benchmarks/rl_benchmarks/onnx/dubinsrejoin.onnx,./benchmarks/rl_benchmarks/vnnlib/dubinsrejoin_case_unsafe_24.vnnlib,1.220673723,unsat,.516873796
rl_benchmarks,./benchmarks/rl_benchmarks/onnx/dubinsrejoin.onnx,./benchmarks/rl_benchmarks/vnnlib/dubinsrejoin_case_unsafe_25.vnnlib,1.204084058,unknown,30.317562362
rl_benchmarks,./benchmarks/rl_benchmarks/onnx/dubinsrejoin.onnx,./benchmarks/rl_benchmarks/vnnlib/dubinsrejoin_case_unsafe_26.vnnlib,1.201648249,unsat,1.424755505
rl_benchmarks,./benchmarks/rl_benchmarks/onnx/dubinsrejoin.onnx,./benchmarks/rl_benchmarks/vnnlib/dubinsrejoin_case_unsafe_27.vnnlib,1.206143291,unsat,.514965836
rl_benchmarks,./benchmarks/rl_benchmarks/onnx/dubinsrejoin.onnx,./benchmarks/rl_benchmarks/vnnlib/dubinsrejoin_case_unsafe_28.vnnlib,1.200804113,unsat,2.373292638
rl_benchmarks,./benchmarks/rl_benchmarks/onnx/dubinsrejoin.onnx,./benchmarks/rl_benchmarks/vnnlib/dubinsrejoin_case_unsafe_29.vnnlib,1.206575196,unsat,1.668567365
rl_benchmarks,./benchmarks/rl_benchmarks/onnx/dubinsrejoin.onnx,./benchmarks/rl_benchmarks/vnnlib/dubinsrejoin_case_unsafe_30.vnnlib,1.225958332,unsat,.515264626
rl_benchmarks,./benchmarks/rl_benchmarks/onnx/dubinsrejoin.onnx,./benchmarks/rl_benchmarks/vnnlib/dubinsrejoin_case_unsafe_31.vnnlib,1.212570637,unsat,.518169155
rl_benchmarks,./benchmarks/rl_benchmarks/onnx/dubinsrejoin.onnx,./benchmarks/rl_benchmarks/vnnlib/dubinsrejoin_case_unsafe_32.vnnlib,1.191359050,unsat,.514276746
rl_benchmarks,./benchmarks/rl_benchmarks/onnx/dubinsrejoin.onnx,./benchmarks/rl_benchmarks/vnnlib/dubinsrejoin_case_unsafe_33.vnnlib,1.219301634,unsat,.516408274
rl_benchmarks,./benchmarks/rl_benchmarks/onnx/dubinsrejoin.onnx,./benchmarks/rl_benchmarks/vnnlib/dubinsrejoin_case_unsafe_34.vnnlib,1.208853831,unsat,.515841943
rl_benchmarks,./benchmarks/rl_benchmarks/onnx/dubinsrejoin.onnx,./benchmarks/rl_benchmarks/vnnlib/dubinsrejoin_case_unsafe_35.vnnlib,1.207511155,unsat,.517371486
rl_benchmarks,./benchmarks/rl_benchmarks/onnx/dubinsrejoin.onnx,./benchmarks/rl_benchmarks/vnnlib/dubinsrejoin_case_unsafe_36.vnnlib,1.218283323,unsat,.516304748
rl_benchmarks,./benchmarks/rl_benchmarks/onnx/dubinsrejoin.onnx,./benchmarks/rl_benchmarks/vnnlib/dubinsrejoin_case_unsafe_37.vnnlib,1.184441842,unsat,.515601869
rl_benchmarks,./benchmarks/rl_benchmarks/onnx/dubinsrejoin.onnx,./benchmarks/rl_benchmarks/vnnlib/dubinsrejoin_case_unsafe_38.vnnlib,1.198405413,unsat,.520573009
rl_benchmarks,./benchmarks/rl_benchmarks/onnx/dubinsrejoin.onnx,./benchmarks/rl_benchmarks/vnnlib/dubinsrejoin_case_unsafe_39.vnnlib,1.196599413,unsat,.514582769
rl_benchmarks,./benchmarks/rl_benchmarks/onnx/dubinsrejoin.onnx,./benchmarks/rl_benchmarks/vnnlib/dubinsrejoin_case_unsafe_40.vnnlib,1.201029596,unsat,.515067969
rl_benchmarks,./benchmarks/rl_benchmarks/onnx/dubinsrejoin.onnx,./benchmarks/rl_benchmarks/vnnlib/dubinsrejoin_case_unsafe_41.vnnlib,1.214970285,unsat,.519312368
rl_benchmarks,./benchmarks/rl_benchmarks/onnx/dubinsrejoin.onnx,./benchmarks/rl_benchmarks/vnnlib/dubinsrejoin_case_unsafe_42.vnnlib,1.242496432,unsat,1.121672910
rl_benchmarks,./benchmarks/rl_benchmarks/onnx/dubinsrejoin.onnx,./benchmarks/rl_benchmarks/vnnlib/dubinsrejoin_case_unsafe_43.vnnlib,1.218811870,unsat,1.169246137
rl_benchmarks,./benchmarks/rl_benchmarks/onnx/dubinsrejoin.onnx,./benchmarks/rl_benchmarks/vnnlib/dubinsrejoin_case_unsafe_44.vnnlib,1.224278809,unsat,1.216959413
rl_benchmarks,./benchmarks/rl_benchmarks/onnx/dubinsrejoin.onnx,./benchmarks/rl_benchmarks/vnnlib/dubinsrejoin_case_unsafe_45.vnnlib,1.205332754,unsat,.517526296
rl_benchmarks,./benchmarks/rl_benchmarks/onnx/dubinsrejoin.onnx,./benchmarks/rl_benchmarks/vnnlib/dubinsrejoin_case_unsafe_46.vnnlib,1.210221686,unsat,.515561008
rl_benchmarks,./benchmarks/rl_benchmarks/onnx/dubinsrejoin.onnx,./benchmarks/rl_benchmarks/vnnlib/dubinsrejoin_case_unsafe_47.vnnlib,1.205250962,unsat,.516616197
rl_benchmarks,./benchmarks/rl_benchmarks/onnx/dubinsrejoin.onnx,./benchmarks/rl_benchmarks/vnnlib/dubinsrejoin_case_unsafe_48.vnnlib,1.186035676,unsat,1.173041580
rl_benchmarks,./benchmarks/rl_benchmarks/onnx/dubinsrejoin.onnx,./benchmarks/rl_benchmarks/vnnlib/dubinsrejoin_case_unsafe_49.vnnlib,1.218949634,unsat,.518200365
rl_benchmarks,./benchmarks/rl_benchmarks/onnx/dubinsrejoin.onnx,./benchmarks/rl_benchmarks/vnnlib/dubinsrejoin_case_unsafe_50.vnnlib,1.220858137,unsat,1.120313497
rl_benchmarks,./benchmarks/rl_benchmarks/onnx/dubinsrejoin.onnx,./benchmarks/rl_benchmarks/vnnlib/dubinsrejoin_case_unsafe_51.vnnlib,1.215684230,unsat,.517017445
rl_benchmarks,./benchmarks/rl_benchmarks/onnx/dubinsrejoin.onnx,./benchmarks/rl_benchmarks/vnnlib/dubinsrejoin_case_unsafe_52.vnnlib,1.196493479,unsat,1.720712182
rl_benchmarks,./benchmarks/rl_benchmarks/onnx/dubinsrejoin.onnx,./benchmarks/rl_benchmarks/vnnlib/dubinsrejoin_case_unsafe_53.vnnlib,1.225886916,unknown,30.320245431
rl_benchmarks,./benchmarks/rl_benchmarks/onnx/dubinsrejoin.onnx,./benchmarks/rl_benchmarks/vnnlib/dubinsrejoin_case_unsafe_54.vnnlib,1.217750128,unsat,.519209126
rl_benchmarks,./benchmarks/rl_benchmarks/onnx/dubinsrejoin.onnx,./benchmarks/rl_benchmarks/vnnlib/dubinsrejoin_case_unsafe_55.vnnlib,1.240298010,unsat,8.991196105
rl_benchmarks,./benchmarks/rl_benchmarks/onnx/dubinsrejoin.onnx,./benchmarks/rl_benchmarks/vnnlib/dubinsrejoin_case_unsafe_56.vnnlib,1.194472271,unsat,.515224166
rl_benchmarks,./benchmarks/rl_benchmarks/onnx/dubinsrejoin.onnx,./benchmarks/rl_benchmarks/vnnlib/dubinsrejoin_case_unsafe_57.vnnlib,1.220029547,unsat,3.474668764
rl_benchmarks,./benchmarks/rl_benchmarks/onnx/dubinsrejoin.onnx,./benchmarks/rl_benchmarks/vnnlib/dubinsrejoin_case_unsafe_58.vnnlib,1.233922512,unsat,.519153585
rl_benchmarks,./benchmarks/rl_benchmarks/onnx/dubinsrejoin.onnx,./benchmarks/rl_benchmarks/vnnlib/dubinsrejoin_case_unsafe_59.vnnlib,1.219341748,sat,1.267992364
rl_benchmarks,./benchmarks/rl_benchmarks/onnx/dubinsrejoin.onnx,./benchmarks/rl_benchmarks/vnnlib/dubinsrejoin_case_unsafe_60.vnnlib,1.210937483,unsat,.514898946
rl_benchmarks,./benchmarks/rl_benchmarks/onnx/dubinsrejoin.onnx,./benchmarks/rl_benchmarks/vnnlib/dubinsrejoin_case_unsafe_61.vnnlib,1.219249931,sat,1.166379292
rl_benchmarks,./benchmarks/rl_benchmarks/onnx/dubinsrejoin.onnx,./benchmarks/rl_benchmarks/vnnlib/dubinsrejoin_case_unsafe_62.vnnlib,1.210868384,unsat,2.823656912
rl_benchmarks,./benchmarks/rl_benchmarks/onnx/dubinsrejoin.onnx,./benchmarks/rl_benchmarks/vnnlib/dubinsrejoin_case_unsafe_63.vnnlib,1.200187777,unsat,5.632541939
rl_benchmarks,./benchmarks/rl_benchmarks/onnx/dubinsrejoin.onnx,./benchmarks/rl_benchmarks/vnnlib/dubinsrejoin_case_unsafe_64.vnnlib,1.213996050,unsat,1.672445793
rl_benchmarks,./benchmarks/rl_benchmarks/onnx/dubinsrejoin.onnx,./benchmarks/rl_benchmarks/vnnlib/dubinsrejoin_case_unsafe_65.vnnlib,1.211076477,unsat,.516945153
rl_benchmarks,./benchmarks/rl_benchmarks/onnx/dubinsrejoin.onnx,./benchmarks/rl_benchmarks/vnnlib/dubinsrejoin_case_unsafe_66.vnnlib,1.216504129,unsat,14.310676387
rl_benchmarks,./benchmarks/rl_benchmarks/onnx/dubinsrejoin.onnx,./benchmarks/rl_benchmarks/vnnlib/dubinsrejoin_case_unsafe_67.vnnlib,1.208126235,sat,1.219357284
rl_benchmarks,./benchmarks/rl_benchmarks/onnx/dubinsrejoin.onnx,./benchmarks/rl_benchmarks/vnnlib/dubinsrejoin_case_unsafe_68.vnnlib,1.247450072,sat,1.216317027
rl_benchmarks,./benchmarks/rl_benchmarks/onnx/dubinsrejoin.onnx,./benchmarks/rl_benchmarks/vnnlib/dubinsrejoin_case_unsafe_69.vnnlib,1.222491492,sat,1.169847726
rl_benchmarks,./benchmarks/rl_benchmarks/onnx/dubinsrejoin.onnx,./benchmarks/rl_benchmarks/vnnlib/dubinsrejoin_case_unsafe_70.vnnlib,1.215462217,unsat,.515599362
rl_benchmarks,./benchmarks/rl_benchmarks/onnx/dubinsrejoin.onnx,./benchmarks/rl_benchmarks/vnnlib/dubinsrejoin_case_unsafe_71.vnnlib,1.217560334,sat,1.171260168
rl_benchmarks,./benchmarks/rl_benchmarks/onnx/dubinsrejoin.onnx,./benchmarks/rl_benchmarks/vnnlib/dubinsrejoin_case_unsafe_72.vnnlib,1.198806982,unsat,12.201171607
rl_benchmarks,./benchmarks/rl_benchmarks/onnx/dubinsrejoin.onnx,./benchmarks/rl_benchmarks/vnnlib/dubinsrejoin_case_unsafe_73.vnnlib,1.215508227,sat,1.269822287
rl_benchmarks,./benchmarks/rl_benchmarks/onnx/dubinsrejoin.onnx,./benchmarks/rl_benchmarks/vnnlib/dubinsrejoin_case_unsafe_74.vnnlib,1.213002134,unsat,.516888160
rl_benchmarks,./benchmarks/rl_benchmarks/onnx/dubinsrejoin.onnx,./benchmarks/rl_benchmarks/vnnlib/dubinsrejoin_case_unsafe_75.vnnlib,1.194635016,sat,1.171578005
rl_benchmarks,./benchmarks/rl_benchmarks/onnx/dubinsrejoin.onnx,./benchmarks/rl_benchmarks/vnnlib/dubinsrejoin_case_unsafe_76.vnnlib,1.204377525,unsat,1.018535498
rl_benchmarks,./benchmarks/rl_benchmarks/onnx/dubinsrejoin.onnx,./benchmarks/rl_benchmarks/vnnlib/dubinsrejoin_case_unsafe_77.vnnlib,1.234743068,unsat,.522068488
rl_benchmarks,./benchmarks/rl_benchmarks/onnx/dubinsrejoin.onnx,./benchmarks/rl_benchmarks/vnnlib/dubinsrejoin_case_unsafe_78.vnnlib,1.211850826,sat,1.169262593
rl_benchmarks,./benchmarks/rl_benchmarks/onnx/dubinsrejoin.onnx,./benchmarks/rl_benchmarks/vnnlib/dubinsrejoin_case_unsafe_79.vnnlib,1.225086151,unsat,1.120900779
rl_benchmarks,./benchmarks/rl_benchmarks/onnx/dubinsrejoin.onnx,./benchmarks/rl_benchmarks/vnnlib/dubinsrejoin_case_unsafe_80.vnnlib,1.221128552,sat,1.119985965
rl_benchmarks,./benchmarks/rl_benchmarks/onnx/dubinsrejoin.onnx,./benchmarks/rl_benchmarks/vnnlib/dubinsrejoin_case_unsafe_81.vnnlib,1.200177402,unsat,.517371704
rl_benchmarks,./benchmarks/rl_benchmarks/onnx/dubinsrejoin.onnx,./benchmarks/rl_benchmarks/vnnlib/dubinsrejoin_case_unsafe_82.vnnlib,1.215269853,sat,1.120821443
rl_benchmarks,./benchmarks/rl_benchmarks/onnx/dubinsrejoin.onnx,./benchmarks/rl_benchmarks/vnnlib/dubinsrejoin_case_unsafe_83.vnnlib,1.183621990,unsat,.517586245
rl_benchmarks,./benchmarks/rl_benchmarks/onnx/dubinsrejoin.onnx,./benchmarks/rl_benchmarks/vnnlib/dubinsrejoin_case_unsafe_84.vnnlib,1.202380635,sat,1.118890699
rl_benchmarks,./benchmarks/rl_benchmarks/onnx/dubinsrejoin.onnx,./benchmarks/rl_benchmarks/vnnlib/dubinsrejoin_case_unsafe_85.vnnlib,1.193986503,unsat,2.320384607
rl_benchmarks,./benchmarks/rl_benchmarks/onnx/dubinsrejoin.onnx,./benchmarks/rl_benchmarks/vnnlib/dubinsrejoin_case_unsafe_86.vnnlib,1.220313639,unsat,1.121105237
rl_benchmarks,./benchmarks/rl_benchmarks/onnx/dubinsrejoin.onnx,./benchmarks/rl_benchmarks/vnnlib/dubinsrejoin_case_unsafe_87.vnnlib,1.193522605,sat,1.118400797
rl_benchmarks,./benchmarks/rl_benchmarks/onnx/dubinsrejoin.onnx,./benchmarks/rl_benchmarks/vnnlib/dubinsrejoin_case_unsafe_88.vnnlib,1.206715776,sat,1.122586372
rl_benchmarks,./benchmarks/rl_benchmarks/onnx/dubinsrejoin.onnx,./benchmarks/rl_benchmarks/vnnlib/dubinsrejoin_case_unsafe_89.vnnlib,1.200770860,sat,1.068865768
rl_benchmarks,./benchmarks/rl_benchmarks/onnx/dubinsrejoin.onnx,./benchmarks/rl_benchmarks/vnnlib/dubinsrejoin_case_unsafe_90.vnnlib,1.222155441,unsat,.518510428
rl_benchmarks,./benchmarks/rl_benchmarks/onnx/dubinsrejoin.onnx,./benchmarks/rl_benchmarks/vnnlib/dubinsrejoin_case_unsafe_91.vnnlib,1.205823364,unsat,.516592995
rl_benchmarks,./benchmarks/rl_benchmarks/onnx/dubinsrejoin.onnx,./benchmarks/rl_benchmarks/vnnlib/dubinsrejoin_case_unsafe_92.vnnlib,1.205987444,unsat,.518265353
rl_benchmarks,./benchmarks/rl_benchmarks/onnx/dubinsrejoin.onnx,./benchmarks/rl_benchmarks/vnnlib/dubinsrejoin_case_unsafe_93.vnnlib,1.213015989,sat,1.119880899
rl_benchmarks,./benchmarks/rl_benchmarks/onnx/dubinsrejoin.onnx,./benchmarks/rl_benchmarks/vnnlib/dubinsrejoin_case_unsafe_94.vnnlib,1.203365664,sat,1.119421584
rl_benchmarks,./benchmarks/rl_benchmarks/onnx/dubinsrejoin.onnx,./benchmarks/rl_benchmarks/vnnlib/dubinsrejoin_case_unsafe_95.vnnlib,1.202378949,sat,1.069444478
rl_benchmarks,./benchmarks/test/test_nano.onnx,./benchmarks/test/test_nano.vnnlib,.513407597,unsat,.211904758
