cifar100_tinyimagenet_resnet,./benchmarks/cifar100_tinyimagenet_resnet/onnx/CIFAR100_resnet_small.onnx,./benchmarks/cifar100_tinyimagenet_resnet/vnnlib/CIFAR100_resnet_small_prop_idx_7129_sidx_1634_eps_0.0039.vnnlib,39.687793891,unsat,15.567696963
cifar100_tinyimagenet_resnet,./benchmarks/cifar100_tinyimagenet_resnet/onnx/CIFAR100_resnet_small.onnx,./benchmarks/cifar100_tinyimagenet_resnet/vnnlib/CIFAR100_resnet_small_prop_idx_2680_sidx_3489_eps_0.0039.vnnlib,38.221754556,unsat,19.584017214
cifar100_tinyimagenet_resnet,./benchmarks/cifar100_tinyimagenet_resnet/onnx/CIFAR100_resnet_small.onnx,./benchmarks/cifar100_tinyimagenet_resnet/vnnlib/CIFAR100_resnet_small_prop_idx_7562_sidx_4256_eps_0.0039.vnnlib,37.932193283,timeout,249.061122014
cifar100_tinyimagenet_resnet,./benchmarks/cifar100_tinyimagenet_resnet/onnx/CIFAR100_resnet_small.onnx,./benchmarks/cifar100_tinyimagenet_resnet/vnnlib/CIFAR100_resnet_small_prop_idx_8314_sidx_4966_eps_0.0039.vnnlib,37.962927916,unsat,19.857629331
cifar100_tinyimagenet_resnet,./benchmarks/cifar100_tinyimagenet_resnet/onnx/CIFAR100_resnet_small.onnx,./benchmarks/cifar100_tinyimagenet_resnet/vnnlib/CIFAR100_resnet_small_prop_idx_939_sidx_5683_eps_0.0039.vnnlib,38.000078486,timeout,250.781436067
cifar100_tinyimagenet_resnet,./benchmarks/cifar100_tinyimagenet_resnet/onnx/CIFAR100_resnet_small.onnx,./benchmarks/cifar100_tinyimagenet_resnet/vnnlib/CIFAR100_resnet_small_prop_idx_5193_sidx_6671_eps_0.0039.vnnlib,37.366748890,timeout,250.063959516
cifar100_tinyimagenet_resnet,./benchmarks/cifar100_tinyimagenet_resnet/onnx/CIFAR100_resnet_small.onnx,./benchmarks/cifar100_tinyimagenet_resnet/vnnlib/CIFAR100_resnet_small_prop_idx_9565_sidx_7601_eps_0.0039.vnnlib,38.057994763,timeout,249.728732695
cifar100_tinyimagenet_resnet,./benchmarks/cifar100_tinyimagenet_resnet/onnx/CIFAR100_resnet_small.onnx,./benchmarks/cifar100_tinyimagenet_resnet/vnnlib/CIFAR100_resnet_small_prop_idx_7486_sidx_8050_eps_0.0039.vnnlib,37.797964504,unsat,19.645774506
cifar100_tinyimagenet_resnet,./benchmarks/cifar100_tinyimagenet_resnet/onnx/CIFAR100_resnet_small.onnx,./benchmarks/cifar100_tinyimagenet_resnet/vnnlib/CIFAR100_resnet_small_prop_idx_3601_sidx_8276_eps_0.0039.vnnlib,37.332884081,unsat,32.761816706
cifar100_tinyimagenet_resnet,./benchmarks/cifar100_tinyimagenet_resnet/onnx/CIFAR100_resnet_small.onnx,./benchmarks/cifar100_tinyimagenet_resnet/vnnlib/CIFAR100_resnet_small_prop_idx_1899_sidx_9565_eps_0.0039.vnnlib,38.466933528,timeout,249.975562145
cifar100_tinyimagenet_resnet,./benchmarks/cifar100_tinyimagenet_resnet/onnx/CIFAR100_resnet_medium.onnx,./benchmarks/cifar100_tinyimagenet_resnet/vnnlib/CIFAR100_resnet_medium_prop_idx_7764_sidx_254_eps_0.0039.vnnlib,42.794656731,timeout,208.267368058
cifar100_tinyimagenet_resnet,./benchmarks/cifar100_tinyimagenet_resnet/onnx/CIFAR100_resnet_medium.onnx,./benchmarks/cifar100_tinyimagenet_resnet/vnnlib/CIFAR100_resnet_medium_prop_idx_4736_sidx_292_eps_0.0039.vnnlib,35.149204008,timeout,208.026175638
cifar100_tinyimagenet_resnet,./benchmarks/cifar100_tinyimagenet_resnet/onnx/CIFAR100_resnet_medium.onnx,./benchmarks/cifar100_tinyimagenet_resnet/vnnlib/CIFAR100_resnet_medium_prop_idx_6585_sidx_533_eps_0.0039.vnnlib,35.123259508,timeout,208.446944533
cifar100_tinyimagenet_resnet,./benchmarks/cifar100_tinyimagenet_resnet/onnx/CIFAR100_resnet_medium.onnx,./benchmarks/cifar100_tinyimagenet_resnet/vnnlib/CIFAR100_resnet_medium_prop_idx_1798_sidx_1061_eps_0.0039.vnnlib,34.952847962,unsat,16.511350223
cifar100_tinyimagenet_resnet,./benchmarks/cifar100_tinyimagenet_resnet/onnx/CIFAR100_resnet_medium.onnx,./benchmarks/cifar100_tinyimagenet_resnet/vnnlib/CIFAR100_resnet_medium_prop_idx_815_sidx_1902_eps_0.0039.vnnlib,34.439528632,unsat,15.708655451
cifar100_tinyimagenet_resnet,./benchmarks/cifar100_tinyimagenet_resnet/onnx/CIFAR100_resnet_medium.onnx,./benchmarks/cifar100_tinyimagenet_resnet/vnnlib/CIFAR100_resnet_medium_prop_idx_3925_sidx_2194_eps_0.0039.vnnlib,34.828905954,unsat,16.259300877
cifar100_tinyimagenet_resnet,./benchmarks/cifar100_tinyimagenet_resnet/onnx/CIFAR100_resnet_medium.onnx,./benchmarks/cifar100_tinyimagenet_resnet/vnnlib/CIFAR100_resnet_medium_prop_idx_291_sidx_2370_eps_0.0039.vnnlib,34.644312898,unsat,15.862548353
cifar100_tinyimagenet_resnet,./benchmarks/cifar100_tinyimagenet_resnet/onnx/CIFAR100_resnet_medium.onnx,./benchmarks/cifar100_tinyimagenet_resnet/vnnlib/CIFAR100_resnet_medium_prop_idx_9839_sidx_2563_eps_0.0039.vnnlib,34.979069554,unsat,21.419050009
cifar100_tinyimagenet_resnet,./benchmarks/cifar100_tinyimagenet_resnet/onnx/CIFAR100_resnet_medium.onnx,./benchmarks/cifar100_tinyimagenet_resnet/vnnlib/CIFAR100_resnet_medium_prop_idx_6993_sidx_2600_eps_0.0039.vnnlib,34.691379143,unsat,15.835828768
cifar100_tinyimagenet_resnet,./benchmarks/cifar100_tinyimagenet_resnet/onnx/CIFAR100_resnet_medium.onnx,./benchmarks/cifar100_tinyimagenet_resnet/vnnlib/CIFAR100_resnet_medium_prop_idx_115_sidx_2873_eps_0.0039.vnnlib,35.100000418,unsat,31.407514660
cifar100_tinyimagenet_resnet,./benchmarks/cifar100_tinyimagenet_resnet/onnx/CIFAR100_resnet_medium.onnx,./benchmarks/cifar100_tinyimagenet_resnet/vnnlib/CIFAR100_resnet_medium_prop_idx_4039_sidx_2878_eps_0.0039.vnnlib,34.770476929,unsat,16.013764843
cifar100_tinyimagenet_resnet,./benchmarks/cifar100_tinyimagenet_resnet/onnx/CIFAR100_resnet_medium.onnx,./benchmarks/cifar100_tinyimagenet_resnet/vnnlib/CIFAR100_resnet_medium_prop_idx_731_sidx_3428_eps_0.0039.vnnlib,34.794140459,unsat,18.823937486
cifar100_tinyimagenet_resnet,./benchmarks/cifar100_tinyimagenet_resnet/onnx/CIFAR100_resnet_medium.onnx,./benchmarks/cifar100_tinyimagenet_resnet/vnnlib/CIFAR100_resnet_medium_prop_idx_509_sidx_3899_eps_0.0039.vnnlib,35.032555302,unsat,16.656323644
cifar100_tinyimagenet_resnet,./benchmarks/cifar100_tinyimagenet_resnet/onnx/CIFAR100_resnet_medium.onnx,./benchmarks/cifar100_tinyimagenet_resnet/vnnlib/CIFAR100_resnet_medium_prop_idx_7315_sidx_5135_eps_0.0039.vnnlib,34.849006665,unsat,17.066235060
cifar100_tinyimagenet_resnet,./benchmarks/cifar100_tinyimagenet_resnet/onnx/CIFAR100_resnet_medium.onnx,./benchmarks/cifar100_tinyimagenet_resnet/vnnlib/CIFAR100_resnet_medium_prop_idx_4126_sidx_5351_eps_0.0039.vnnlib,34.990162107,timeout,210.408959579
cifar100_tinyimagenet_resnet,./benchmarks/cifar100_tinyimagenet_resnet/onnx/CIFAR100_resnet_medium.onnx,./benchmarks/cifar100_tinyimagenet_resnet/vnnlib/CIFAR100_resnet_medium_prop_idx_3560_sidx_5363_eps_0.0039.vnnlib,34.585302023,unsat,15.775485510
cifar100_tinyimagenet_resnet,./benchmarks/cifar100_tinyimagenet_resnet/onnx/CIFAR100_resnet_medium.onnx,./benchmarks/cifar100_tinyimagenet_resnet/vnnlib/CIFAR100_resnet_medium_prop_idx_8519_sidx_5507_eps_0.0039.vnnlib,34.949858845,unsat,18.355936466
cifar100_tinyimagenet_resnet,./benchmarks/cifar100_tinyimagenet_resnet/onnx/CIFAR100_resnet_medium.onnx,./benchmarks/cifar100_tinyimagenet_resnet/vnnlib/CIFAR100_resnet_medium_prop_idx_9335_sidx_5792_eps_0.0039.vnnlib,35.214094963,timeout,209.735020294
cifar100_tinyimagenet_resnet,./benchmarks/cifar100_tinyimagenet_resnet/onnx/CIFAR100_resnet_medium.onnx,./benchmarks/cifar100_tinyimagenet_resnet/vnnlib/CIFAR100_resnet_medium_prop_idx_2959_sidx_5903_eps_0.0039.vnnlib,35.145098782,unsat,16.628001870
cifar100_tinyimagenet_resnet,./benchmarks/cifar100_tinyimagenet_resnet/onnx/CIFAR100_resnet_medium.onnx,./benchmarks/cifar100_tinyimagenet_resnet/vnnlib/CIFAR100_resnet_medium_prop_idx_8496_sidx_5905_eps_0.0039.vnnlib,34.906798205,unsat,16.723804940
cifar100_tinyimagenet_resnet,./benchmarks/cifar100_tinyimagenet_resnet/onnx/CIFAR100_resnet_medium.onnx,./benchmarks/cifar100_tinyimagenet_resnet/vnnlib/CIFAR100_resnet_medium_prop_idx_1421_sidx_6398_eps_0.0039.vnnlib,31.596876719,unsat,12.852850390
cifar100_tinyimagenet_resnet,./benchmarks/cifar100_tinyimagenet_resnet/onnx/CIFAR100_resnet_medium.onnx,./benchmarks/cifar100_tinyimagenet_resnet/vnnlib/CIFAR100_resnet_medium_prop_idx_7349_sidx_7887_eps_0.0039.vnnlib,35.128129362,unsat,20.542880240
cifar100_tinyimagenet_resnet,./benchmarks/cifar100_tinyimagenet_resnet/onnx/CIFAR100_resnet_medium.onnx,./benchmarks/cifar100_tinyimagenet_resnet/vnnlib/CIFAR100_resnet_medium_prop_idx_2550_sidx_7952_eps_0.0039.vnnlib,34.616424749,unsat,15.714516990
cifar100_tinyimagenet_resnet,./benchmarks/cifar100_tinyimagenet_resnet/onnx/CIFAR100_resnet_medium.onnx,./benchmarks/cifar100_tinyimagenet_resnet/vnnlib/CIFAR100_resnet_medium_prop_idx_8208_sidx_8378_eps_0.0039.vnnlib,34.823036442,unsat,16.840412843
cifar100_tinyimagenet_resnet,./benchmarks/cifar100_tinyimagenet_resnet/onnx/CIFAR100_resnet_large.onnx,./benchmarks/cifar100_tinyimagenet_resnet/vnnlib/CIFAR100_resnet_large_prop_idx_5586_sidx_80_eps_0.0039.vnnlib,45.976102313,unsat,18.518081792
cifar100_tinyimagenet_resnet,./benchmarks/cifar100_tinyimagenet_resnet/onnx/CIFAR100_resnet_large.onnx,./benchmarks/cifar100_tinyimagenet_resnet/vnnlib/CIFAR100_resnet_large_prop_idx_2717_sidx_551_eps_0.0039.vnnlib,37.097171522,unsat,60.114207183
cifar100_tinyimagenet_resnet,./benchmarks/cifar100_tinyimagenet_resnet/onnx/CIFAR100_resnet_large.onnx,./benchmarks/cifar100_tinyimagenet_resnet/vnnlib/CIFAR100_resnet_large_prop_idx_37_sidx_2045_eps_0.0039.vnnlib,37.778609441,unsat,19.019297066
cifar100_tinyimagenet_resnet,./benchmarks/cifar100_tinyimagenet_resnet/onnx/CIFAR100_resnet_large.onnx,./benchmarks/cifar100_tinyimagenet_resnet/vnnlib/CIFAR100_resnet_large_prop_idx_6337_sidx_2381_eps_0.0039.vnnlib,38.599139863,unsat,19.777650658
cifar100_tinyimagenet_resnet,./benchmarks/cifar100_tinyimagenet_resnet/onnx/CIFAR100_resnet_large.onnx,./benchmarks/cifar100_tinyimagenet_resnet/vnnlib/CIFAR100_resnet_large_prop_idx_9978_sidx_2382_eps_0.0039.vnnlib,37.381214227,unsat,34.236912216
cifar100_tinyimagenet_resnet,./benchmarks/cifar100_tinyimagenet_resnet/onnx/CIFAR100_resnet_large.onnx,./benchmarks/cifar100_tinyimagenet_resnet/vnnlib/CIFAR100_resnet_large_prop_idx_2805_sidx_2539_eps_0.0039.vnnlib,30.375902499,unsat,11.548565837
cifar100_tinyimagenet_resnet,./benchmarks/cifar100_tinyimagenet_resnet/onnx/CIFAR100_resnet_large.onnx,./benchmarks/cifar100_tinyimagenet_resnet/vnnlib/CIFAR100_resnet_large_prop_idx_1590_sidx_2858_eps_0.0039.vnnlib,37.821324330,unsat,19.404996476
cifar100_tinyimagenet_resnet,./benchmarks/cifar100_tinyimagenet_resnet/onnx/CIFAR100_resnet_large.onnx,./benchmarks/cifar100_tinyimagenet_resnet/vnnlib/CIFAR100_resnet_large_prop_idx_3384_sidx_2910_eps_0.0039.vnnlib,37.370857876,unsat,19.787231595
cifar100_tinyimagenet_resnet,./benchmarks/cifar100_tinyimagenet_resnet/onnx/CIFAR100_resnet_large.onnx,./benchmarks/cifar100_tinyimagenet_resnet/vnnlib/CIFAR100_resnet_large_prop_idx_5905_sidx_3073_eps_0.0039.vnnlib,36.448561706,unsat,17.823252713
cifar100_tinyimagenet_resnet,./benchmarks/cifar100_tinyimagenet_resnet/onnx/CIFAR100_resnet_large.onnx,./benchmarks/cifar100_tinyimagenet_resnet/vnnlib/CIFAR100_resnet_large_prop_idx_2176_sidx_3285_eps_0.0039.vnnlib,29.915813805,unsat,11.298168854
cifar100_tinyimagenet_resnet,./benchmarks/cifar100_tinyimagenet_resnet/onnx/CIFAR100_resnet_large.onnx,./benchmarks/cifar100_tinyimagenet_resnet/vnnlib/CIFAR100_resnet_large_prop_idx_5821_sidx_3711_eps_0.0039.vnnlib,36.907864293,timeout,210.163182625
cifar100_tinyimagenet_resnet,./benchmarks/cifar100_tinyimagenet_resnet/onnx/CIFAR100_resnet_large.onnx,./benchmarks/cifar100_tinyimagenet_resnet/vnnlib/CIFAR100_resnet_large_prop_idx_5152_sidx_5513_eps_0.0039.vnnlib,37.055801532,unsat,18.903007489
cifar100_tinyimagenet_resnet,./benchmarks/cifar100_tinyimagenet_resnet/onnx/CIFAR100_resnet_large.onnx,./benchmarks/cifar100_tinyimagenet_resnet/vnnlib/CIFAR100_resnet_large_prop_idx_8046_sidx_6661_eps_0.0039.vnnlib,37.663921233,unsat,45.507516959
cifar100_tinyimagenet_resnet,./benchmarks/cifar100_tinyimagenet_resnet/onnx/CIFAR100_resnet_large.onnx,./benchmarks/cifar100_tinyimagenet_resnet/vnnlib/CIFAR100_resnet_large_prop_idx_3339_sidx_6722_eps_0.0039.vnnlib,37.871768008,unsat,20.521352301
cifar100_tinyimagenet_resnet,./benchmarks/cifar100_tinyimagenet_resnet/onnx/CIFAR100_resnet_large.onnx,./benchmarks/cifar100_tinyimagenet_resnet/vnnlib/CIFAR100_resnet_large_prop_idx_2640_sidx_6925_eps_0.0039.vnnlib,38.959984391,timeout,210.836205220
cifar100_tinyimagenet_resnet,./benchmarks/cifar100_tinyimagenet_resnet/onnx/CIFAR100_resnet_large.onnx,./benchmarks/cifar100_tinyimagenet_resnet/vnnlib/CIFAR100_resnet_large_prop_idx_3668_sidx_8007_eps_0.0039.vnnlib,37.180588000,unsat,18.372661528
cifar100_tinyimagenet_resnet,./benchmarks/cifar100_tinyimagenet_resnet/onnx/CIFAR100_resnet_large.onnx,./benchmarks/cifar100_tinyimagenet_resnet/vnnlib/CIFAR100_resnet_large_prop_idx_2058_sidx_8233_eps_0.0039.vnnlib,32.099813271,unsat,13.260769934
cifar100_tinyimagenet_resnet,./benchmarks/cifar100_tinyimagenet_resnet/onnx/CIFAR100_resnet_large.onnx,./benchmarks/cifar100_tinyimagenet_resnet/vnnlib/CIFAR100_resnet_large_prop_idx_3111_sidx_8286_eps_0.0039.vnnlib,37.325188466,unsat,18.727560990
cifar100_tinyimagenet_resnet,./benchmarks/cifar100_tinyimagenet_resnet/onnx/CIFAR100_resnet_large.onnx,./benchmarks/cifar100_tinyimagenet_resnet/vnnlib/CIFAR100_resnet_large_prop_idx_1309_sidx_8525_eps_0.0039.vnnlib,38.188565805,timeout,210.771197170
cifar100_tinyimagenet_resnet,./benchmarks/cifar100_tinyimagenet_resnet/onnx/CIFAR100_resnet_large.onnx,./benchmarks/cifar100_tinyimagenet_resnet/vnnlib/CIFAR100_resnet_large_prop_idx_5818_sidx_8588_eps_0.0039.vnnlib,36.032237876,unsat,17.300635213
cifar100_tinyimagenet_resnet,./benchmarks/cifar100_tinyimagenet_resnet/onnx/CIFAR100_resnet_large.onnx,./benchmarks/cifar100_tinyimagenet_resnet/vnnlib/CIFAR100_resnet_large_prop_idx_9066_sidx_8737_eps_0.0039.vnnlib,36.337452369,unsat,18.244232925
cifar100_tinyimagenet_resnet,./benchmarks/cifar100_tinyimagenet_resnet/onnx/CIFAR100_resnet_large.onnx,./benchmarks/cifar100_tinyimagenet_resnet/vnnlib/CIFAR100_resnet_large_prop_idx_8662_sidx_8908_eps_0.0039.vnnlib,36.023371065,unsat,17.376987817
cifar100_tinyimagenet_resnet,./benchmarks/cifar100_tinyimagenet_resnet/onnx/CIFAR100_resnet_large.onnx,./benchmarks/cifar100_tinyimagenet_resnet/vnnlib/CIFAR100_resnet_large_prop_idx_1338_sidx_9158_eps_0.0039.vnnlib,36.684284152,unsat,17.951866217
cifar100_tinyimagenet_resnet,./benchmarks/cifar100_tinyimagenet_resnet/onnx/CIFAR100_resnet_large.onnx,./benchmarks/cifar100_tinyimagenet_resnet/vnnlib/CIFAR100_resnet_large_prop_idx_305_sidx_9849_eps_0.0039.vnnlib,36.671864426,unsat,18.264606387
cifar100_tinyimagenet_resnet,./benchmarks/cifar100_tinyimagenet_resnet/onnx/CIFAR100_resnet_super.onnx,./benchmarks/cifar100_tinyimagenet_resnet/vnnlib/CIFAR100_resnet_super_prop_idx_7764_sidx_254_eps_0.0039.vnnlib,49.645631610,unsat,16.246343856
cifar100_tinyimagenet_resnet,./benchmarks/cifar100_tinyimagenet_resnet/onnx/CIFAR100_resnet_super.onnx,./benchmarks/cifar100_tinyimagenet_resnet/vnnlib/CIFAR100_resnet_super_prop_idx_2398_sidx_444_eps_0.0039.vnnlib,35.155052964,unsat,16.410773794
cifar100_tinyimagenet_resnet,./benchmarks/cifar100_tinyimagenet_resnet/onnx/CIFAR100_resnet_super.onnx,./benchmarks/cifar100_tinyimagenet_resnet/vnnlib/CIFAR100_resnet_super_prop_idx_9132_sidx_1053_eps_0.0039.vnnlib,35.481492590,timeout,309.092526278
cifar100_tinyimagenet_resnet,./benchmarks/cifar100_tinyimagenet_resnet/onnx/CIFAR100_resnet_super.onnx,./benchmarks/cifar100_tinyimagenet_resnet/vnnlib/CIFAR100_resnet_super_prop_idx_5414_sidx_1938_eps_0.0039.vnnlib,35.583634271,timeout,309.375810062
cifar100_tinyimagenet_resnet,./benchmarks/cifar100_tinyimagenet_resnet/onnx/CIFAR100_resnet_super.onnx,./benchmarks/cifar100_tinyimagenet_resnet/vnnlib/CIFAR100_resnet_super_prop_idx_9934_sidx_2474_eps_0.0039.vnnlib,35.576008096,timeout,310.414743537
cifar100_tinyimagenet_resnet,./benchmarks/cifar100_tinyimagenet_resnet/onnx/CIFAR100_resnet_super.onnx,./benchmarks/cifar100_tinyimagenet_resnet/vnnlib/CIFAR100_resnet_super_prop_idx_1529_sidx_2706_eps_0.0039.vnnlib,35.410238140,unsat,17.547895128
cifar100_tinyimagenet_resnet,./benchmarks/cifar100_tinyimagenet_resnet/onnx/CIFAR100_resnet_super.onnx,./benchmarks/cifar100_tinyimagenet_resnet/vnnlib/CIFAR100_resnet_super_prop_idx_7477_sidx_2980_eps_0.0039.vnnlib,35.540010551,unsat,16.711227361
cifar100_tinyimagenet_resnet,./benchmarks/cifar100_tinyimagenet_resnet/onnx/CIFAR100_resnet_super.onnx,./benchmarks/cifar100_tinyimagenet_resnet/vnnlib/CIFAR100_resnet_super_prop_idx_8147_sidx_3000_eps_0.0039.vnnlib,35.478167726,unsat,16.920728065
cifar100_tinyimagenet_resnet,./benchmarks/cifar100_tinyimagenet_resnet/onnx/CIFAR100_resnet_super.onnx,./benchmarks/cifar100_tinyimagenet_resnet/vnnlib/CIFAR100_resnet_super_prop_idx_8237_sidx_3574_eps_0.0039.vnnlib,35.628776831,timeout,310.265171445
cifar100_tinyimagenet_resnet,./benchmarks/cifar100_tinyimagenet_resnet/onnx/CIFAR100_resnet_super.onnx,./benchmarks/cifar100_tinyimagenet_resnet/vnnlib/CIFAR100_resnet_super_prop_idx_319_sidx_4416_eps_0.0039.vnnlib,35.254121463,unsat,16.415075937
cifar100_tinyimagenet_resnet,./benchmarks/cifar100_tinyimagenet_resnet/onnx/CIFAR100_resnet_super.onnx,./benchmarks/cifar100_tinyimagenet_resnet/vnnlib/CIFAR100_resnet_super_prop_idx_9747_sidx_4976_eps_0.0039.vnnlib,31.333227370,unsat,12.645047813
cifar100_tinyimagenet_resnet,./benchmarks/cifar100_tinyimagenet_resnet/onnx/CIFAR100_resnet_super.onnx,./benchmarks/cifar100_tinyimagenet_resnet/vnnlib/CIFAR100_resnet_super_prop_idx_2954_sidx_6105_eps_0.0039.vnnlib,35.488031798,timeout,312.005870625
cifar100_tinyimagenet_resnet,./benchmarks/cifar100_tinyimagenet_resnet/onnx/CIFAR100_resnet_super.onnx,./benchmarks/cifar100_tinyimagenet_resnet/vnnlib/CIFAR100_resnet_super_prop_idx_2779_sidx_6416_eps_0.0039.vnnlib,35.775512410,timeout,311.412187389
cifar100_tinyimagenet_resnet,./benchmarks/cifar100_tinyimagenet_resnet/onnx/CIFAR100_resnet_super.onnx,./benchmarks/cifar100_tinyimagenet_resnet/vnnlib/CIFAR100_resnet_super_prop_idx_2157_sidx_8103_eps_0.0039.vnnlib,35.726951050,unsat,53.580415412
cifar100_tinyimagenet_resnet,./benchmarks/cifar100_tinyimagenet_resnet/onnx/CIFAR100_resnet_super.onnx,./benchmarks/cifar100_tinyimagenet_resnet/vnnlib/CIFAR100_resnet_super_prop_idx_788_sidx_9144_eps_0.0039.vnnlib,35.996370455,unsat,17.826572800
cifar100_tinyimagenet_resnet,./benchmarks/cifar100_tinyimagenet_resnet/onnx/CIFAR100_resnet_super.onnx,./benchmarks/cifar100_tinyimagenet_resnet/vnnlib/CIFAR100_resnet_super_prop_idx_9014_sidx_9195_eps_0.0039.vnnlib,35.508367291,timeout,308.661325910
cifar100_tinyimagenet_resnet,./benchmarks/cifar100_tinyimagenet_resnet/onnx/TinyImageNet_resnet_medium.onnx,./benchmarks/cifar100_tinyimagenet_resnet/vnnlib/TinyImageNet_resnet_medium_prop_idx_3688_sidx_720_eps_0.0039.vnnlib,53.646821403,timeout,208.716397281
cifar100_tinyimagenet_resnet,./benchmarks/cifar100_tinyimagenet_resnet/onnx/TinyImageNet_resnet_medium.onnx,./benchmarks/cifar100_tinyimagenet_resnet/vnnlib/TinyImageNet_resnet_medium_prop_idx_4183_sidx_730_eps_0.0039.vnnlib,44.854536941,unsat,18.368152748
cifar100_tinyimagenet_resnet,./benchmarks/cifar100_tinyimagenet_resnet/onnx/TinyImageNet_resnet_medium.onnx,./benchmarks/cifar100_tinyimagenet_resnet/vnnlib/TinyImageNet_resnet_medium_prop_idx_5164_sidx_1240_eps_0.0039.vnnlib,46.904624846,unsat,22.881807586
cifar100_tinyimagenet_resnet,./benchmarks/cifar100_tinyimagenet_resnet/onnx/TinyImageNet_resnet_medium.onnx,./benchmarks/cifar100_tinyimagenet_resnet/vnnlib/TinyImageNet_resnet_medium_prop_idx_126_sidx_1545_eps_0.0039.vnnlib,46.494683727,unsat,23.614019262
cifar100_tinyimagenet_resnet,./benchmarks/cifar100_tinyimagenet_resnet/onnx/TinyImageNet_resnet_medium.onnx,./benchmarks/cifar100_tinyimagenet_resnet/vnnlib/TinyImageNet_resnet_medium_prop_idx_8852_sidx_1630_eps_0.0039.vnnlib,38.261746954,unsat,11.510269125
cifar100_tinyimagenet_resnet,./benchmarks/cifar100_tinyimagenet_resnet/onnx/TinyImageNet_resnet_medium.onnx,./benchmarks/cifar100_tinyimagenet_resnet/vnnlib/TinyImageNet_resnet_medium_prop_idx_7479_sidx_2305_eps_0.0039.vnnlib,46.376661297,unsat,20.219093845
cifar100_tinyimagenet_resnet,./benchmarks/cifar100_tinyimagenet_resnet/onnx/TinyImageNet_resnet_medium.onnx,./benchmarks/cifar100_tinyimagenet_resnet/vnnlib/TinyImageNet_resnet_medium_prop_idx_6931_sidx_2337_eps_0.0039.vnnlib,46.595126270,unsat,20.350819758
cifar100_tinyimagenet_resnet,./benchmarks/cifar100_tinyimagenet_resnet/onnx/TinyImageNet_resnet_medium.onnx,./benchmarks/cifar100_tinyimagenet_resnet/vnnlib/TinyImageNet_resnet_medium_prop_idx_3754_sidx_2390_eps_0.0039.vnnlib,46.300761392,unsat,19.560796343
cifar100_tinyimagenet_resnet,./benchmarks/cifar100_tinyimagenet_resnet/onnx/TinyImageNet_resnet_medium.onnx,./benchmarks/cifar100_tinyimagenet_resnet/vnnlib/TinyImageNet_resnet_medium_prop_idx_6461_sidx_2771_eps_0.0039.vnnlib,47.216201530,timeout,209.313827517
cifar100_tinyimagenet_resnet,./benchmarks/cifar100_tinyimagenet_resnet/onnx/TinyImageNet_resnet_medium.onnx,./benchmarks/cifar100_tinyimagenet_resnet/vnnlib/TinyImageNet_resnet_medium_prop_idx_5093_sidx_3590_eps_0.0039.vnnlib,46.797283831,unsat,21.134220416
cifar100_tinyimagenet_resnet,./benchmarks/cifar100_tinyimagenet_resnet/onnx/TinyImageNet_resnet_medium.onnx,./benchmarks/cifar100_tinyimagenet_resnet/vnnlib/TinyImageNet_resnet_medium_prop_idx_4931_sidx_3891_eps_0.0039.vnnlib,45.674133803,timeout,210.442924280
cifar100_tinyimagenet_resnet,./benchmarks/cifar100_tinyimagenet_resnet/onnx/TinyImageNet_resnet_medium.onnx,./benchmarks/cifar100_tinyimagenet_resnet/vnnlib/TinyImageNet_resnet_medium_prop_idx_4464_sidx_4786_eps_0.0039.vnnlib,44.753690404,timeout,209.590869936
cifar100_tinyimagenet_resnet,./benchmarks/cifar100_tinyimagenet_resnet/onnx/TinyImageNet_resnet_medium.onnx,./benchmarks/cifar100_tinyimagenet_resnet/vnnlib/TinyImageNet_resnet_medium_prop_idx_8003_sidx_5044_eps_0.0039.vnnlib,46.356479009,unsat,19.537051924
cifar100_tinyimagenet_resnet,./benchmarks/cifar100_tinyimagenet_resnet/onnx/TinyImageNet_resnet_medium.onnx,./benchmarks/cifar100_tinyimagenet_resnet/vnnlib/TinyImageNet_resnet_medium_prop_idx_3243_sidx_5299_eps_0.0039.vnnlib,47.159338898,timeout,209.435811109
cifar100_tinyimagenet_resnet,./benchmarks/cifar100_tinyimagenet_resnet/onnx/TinyImageNet_resnet_medium.onnx,./benchmarks/cifar100_tinyimagenet_resnet/vnnlib/TinyImageNet_resnet_medium_prop_idx_270_sidx_5414_eps_0.0039.vnnlib,45.649454108,timeout,209.142525741
cifar100_tinyimagenet_resnet,./benchmarks/cifar100_tinyimagenet_resnet/onnx/TinyImageNet_resnet_medium.onnx,./benchmarks/cifar100_tinyimagenet_resnet/vnnlib/TinyImageNet_resnet_medium_prop_idx_7816_sidx_6053_eps_0.0039.vnnlib,47.123719897,timeout,208.167967508
cifar100_tinyimagenet_resnet,./benchmarks/cifar100_tinyimagenet_resnet/onnx/TinyImageNet_resnet_medium.onnx,./benchmarks/cifar100_tinyimagenet_resnet/vnnlib/TinyImageNet_resnet_medium_prop_idx_782_sidx_6135_eps_0.0039.vnnlib,47.621741044,unsat,32.551109296
cifar100_tinyimagenet_resnet,./benchmarks/cifar100_tinyimagenet_resnet/onnx/TinyImageNet_resnet_medium.onnx,./benchmarks/cifar100_tinyimagenet_resnet/vnnlib/TinyImageNet_resnet_medium_prop_idx_4087_sidx_6984_eps_0.0039.vnnlib,45.761396604,timeout,208.535367144
cifar100_tinyimagenet_resnet,./benchmarks/cifar100_tinyimagenet_resnet/onnx/TinyImageNet_resnet_medium.onnx,./benchmarks/cifar100_tinyimagenet_resnet/vnnlib/TinyImageNet_resnet_medium_prop_idx_8213_sidx_7868_eps_0.0039.vnnlib,44.676509371,unsat,17.904936056
cifar100_tinyimagenet_resnet,./benchmarks/cifar100_tinyimagenet_resnet/onnx/TinyImageNet_resnet_medium.onnx,./benchmarks/cifar100_tinyimagenet_resnet/vnnlib/TinyImageNet_resnet_medium_prop_idx_8482_sidx_8035_eps_0.0039.vnnlib,45.157935937,unsat,18.621090373
cifar100_tinyimagenet_resnet,./benchmarks/cifar100_tinyimagenet_resnet/onnx/TinyImageNet_resnet_medium.onnx,./benchmarks/cifar100_tinyimagenet_resnet/vnnlib/TinyImageNet_resnet_medium_prop_idx_1714_sidx_8876_eps_0.0039.vnnlib,46.024648953,unsat,27.149257409
cifar100_tinyimagenet_resnet,./benchmarks/cifar100_tinyimagenet_resnet/onnx/TinyImageNet_resnet_medium.onnx,./benchmarks/cifar100_tinyimagenet_resnet/vnnlib/TinyImageNet_resnet_medium_prop_idx_4866_sidx_9492_eps_0.0039.vnnlib,46.298552154,unsat,19.749180955
cifar100_tinyimagenet_resnet,./benchmarks/cifar100_tinyimagenet_resnet/onnx/TinyImageNet_resnet_medium.onnx,./benchmarks/cifar100_tinyimagenet_resnet/vnnlib/TinyImageNet_resnet_medium_prop_idx_1009_sidx_9780_eps_0.0039.vnnlib,45.881940208,timeout,208.409100361
cifar100_tinyimagenet_resnet,./benchmarks/cifar100_tinyimagenet_resnet/onnx/TinyImageNet_resnet_medium.onnx,./benchmarks/cifar100_tinyimagenet_resnet/vnnlib/TinyImageNet_resnet_medium_prop_idx_7542_sidx_9873_eps_0.0039.vnnlib,44.974054157,unsat,61.705557062
cifar100_tinyimagenet_resnet,./benchmarks/test/test_nano.onnx,./benchmarks/test/test_nano.vnnlib,23.994544897,unsat,6.897189296
