acasxu,./benchmarks/acasxu/onnx/ACASXU_run2a_1_1_batch_2000.onnx,./benchmarks/acasxu/vnnlib/prop_1.vnnlib,2.986123200,run_instance_timeout,176.005614944
acasxu,./benchmarks/acasxu/onnx/ACASXU_run2a_1_2_batch_2000.onnx,./benchmarks/acasxu/vnnlib/prop_1.vnnlib,2.988068421,run_instance_timeout,176.004103907
acasxu,./benchmarks/acasxu/onnx/ACASXU_run2a_1_3_batch_2000.onnx,./benchmarks/acasxu/vnnlib/prop_1.vnnlib,2.986735028,run_instance_timeout,176.047265528
acasxu,./benchmarks/acasxu/onnx/ACASXU_run2a_1_4_batch_2000.onnx,./benchmarks/acasxu/vnnlib/prop_1.vnnlib,2.968021736,run_instance_timeout,176.007086126
acasxu,./benchmarks/acasxu/onnx/ACASXU_run2a_1_5_batch_2000.onnx,./benchmarks/acasxu/vnnlib/prop_1.vnnlib,2.981001372,run_instance_timeout,176.018433733
acasxu,./benchmarks/acasxu/onnx/ACASXU_run2a_1_6_batch_2000.onnx,./benchmarks/acasxu/vnnlib/prop_1.vnnlib,2.986170116,run_instance_timeout,176.040639784
acasxu,./benchmarks/acasxu/onnx/ACASXU_run2a_1_7_batch_2000.onnx,./benchmarks/acasxu/vnnlib/prop_1.vnnlib,2.991527589,run_instance_timeout,176.022549238
acasxu,./benchmarks/acasxu/onnx/ACASXU_run2a_1_8_batch_2000.onnx,./benchmarks/acasxu/vnnlib/prop_1.vnnlib,3.007212776,run_instance_timeout,176.036277341
acasxu,./benchmarks/acasxu/onnx/ACASXU_run2a_1_9_batch_2000.onnx,./benchmarks/acasxu/vnnlib/prop_1.vnnlib,2.984095506,run_instance_timeout,176.062144178
acasxu,./benchmarks/acasxu/onnx/ACASXU_run2a_2_1_batch_2000.onnx,./benchmarks/acasxu/vnnlib/prop_1.vnnlib,2.986608225,run_instance_timeout,176.047672305
acasxu,./benchmarks/acasxu/onnx/ACASXU_run2a_2_2_batch_2000.onnx,./benchmarks/acasxu/vnnlib/prop_1.vnnlib,2.987188449,run_instance_timeout,176.020058824
acasxu,./benchmarks/acasxu/onnx/ACASXU_run2a_2_3_batch_2000.onnx,./benchmarks/acasxu/vnnlib/prop_1.vnnlib,2.996643769,run_instance_timeout,176.038243627
acasxu,./benchmarks/acasxu/onnx/ACASXU_run2a_2_4_batch_2000.onnx,./benchmarks/acasxu/vnnlib/prop_1.vnnlib,2.997278938,run_instance_timeout,176.036856358
acasxu,./benchmarks/acasxu/onnx/ACASXU_run2a_2_5_batch_2000.onnx,./benchmarks/acasxu/vnnlib/prop_1.vnnlib,3.003228767,run_instance_timeout,176.049662710
acasxu,./benchmarks/acasxu/onnx/ACASXU_run2a_2_6_batch_2000.onnx,./benchmarks/acasxu/vnnlib/prop_1.vnnlib,2.993189837,run_instance_timeout,176.061212340
acasxu,./benchmarks/acasxu/onnx/ACASXU_run2a_2_7_batch_2000.onnx,./benchmarks/acasxu/vnnlib/prop_1.vnnlib,3.009916334,run_instance_timeout,176.053332802
acasxu,./benchmarks/acasxu/onnx/ACASXU_run2a_2_8_batch_2000.onnx,./benchmarks/acasxu/vnnlib/prop_1.vnnlib,2.989877929,run_instance_timeout,176.061578493
acasxu,./benchmarks/acasxu/onnx/ACASXU_run2a_2_9_batch_2000.onnx,./benchmarks/acasxu/vnnlib/prop_1.vnnlib,3.012417611,run_instance_timeout,176.013734807
acasxu,./benchmarks/acasxu/onnx/ACASXU_run2a_3_1_batch_2000.onnx,./benchmarks/acasxu/vnnlib/prop_1.vnnlib,2.989676125,run_instance_timeout,176.012437177
acasxu,./benchmarks/acasxu/onnx/ACASXU_run2a_3_2_batch_2000.onnx,./benchmarks/acasxu/vnnlib/prop_1.vnnlib,3.008353572,run_instance_timeout,176.030228447
acasxu,./benchmarks/acasxu/onnx/ACASXU_run2a_3_3_batch_2000.onnx,./benchmarks/acasxu/vnnlib/prop_1.vnnlib,2.997578372,run_instance_timeout,176.041086231
acasxu,./benchmarks/acasxu/onnx/ACASXU_run2a_3_4_batch_2000.onnx,./benchmarks/acasxu/vnnlib/prop_1.vnnlib,2.999056024,run_instance_timeout,176.050276631
acasxu,./benchmarks/acasxu/onnx/ACASXU_run2a_3_5_batch_2000.onnx,./benchmarks/acasxu/vnnlib/prop_1.vnnlib,3.001853702,run_instance_timeout,176.006775844
acasxu,./benchmarks/acasxu/onnx/ACASXU_run2a_3_6_batch_2000.onnx,./benchmarks/acasxu/vnnlib/prop_1.vnnlib,3.027313105,run_instance_timeout,176.019736804
acasxu,./benchmarks/acasxu/onnx/ACASXU_run2a_3_7_batch_2000.onnx,./benchmarks/acasxu/vnnlib/prop_1.vnnlib,2.999402338,run_instance_timeout,176.037093511
acasxu,./benchmarks/acasxu/onnx/ACASXU_run2a_3_8_batch_2000.onnx,./benchmarks/acasxu/vnnlib/prop_1.vnnlib,2.994189298,run_instance_timeout,176.061511198
acasxu,./benchmarks/acasxu/onnx/ACASXU_run2a_3_9_batch_2000.onnx,./benchmarks/acasxu/vnnlib/prop_1.vnnlib,2.989034981,run_instance_timeout,176.055181862
acasxu,./benchmarks/acasxu/onnx/ACASXU_run2a_4_1_batch_2000.onnx,./benchmarks/acasxu/vnnlib/prop_1.vnnlib,3.024438392,run_instance_timeout,176.047584894
acasxu,./benchmarks/acasxu/onnx/ACASXU_run2a_4_2_batch_2000.onnx,./benchmarks/acasxu/vnnlib/prop_1.vnnlib,2.991034992,run_instance_timeout,176.017991972
acasxu,./benchmarks/acasxu/onnx/ACASXU_run2a_4_3_batch_2000.onnx,./benchmarks/acasxu/vnnlib/prop_1.vnnlib,3.001090108,run_instance_timeout,176.039775392
acasxu,./benchmarks/acasxu/onnx/ACASXU_run2a_4_4_batch_2000.onnx,./benchmarks/acasxu/vnnlib/prop_1.vnnlib,3.008280223,run_instance_timeout,176.052406956
acasxu,./benchmarks/acasxu/onnx/ACASXU_run2a_4_5_batch_2000.onnx,./benchmarks/acasxu/vnnlib/prop_1.vnnlib,2.999749079,run_instance_timeout,176.054445828
acasxu,./benchmarks/acasxu/onnx/ACASXU_run2a_4_6_batch_2000.onnx,./benchmarks/acasxu/vnnlib/prop_1.vnnlib,3.026278656,run_instance_timeout,176.008850209
acasxu,./benchmarks/acasxu/onnx/ACASXU_run2a_4_7_batch_2000.onnx,./benchmarks/acasxu/vnnlib/prop_1.vnnlib,2.996766680,run_instance_timeout,176.053990534
acasxu,./benchmarks/acasxu/onnx/ACASXU_run2a_4_8_batch_2000.onnx,./benchmarks/acasxu/vnnlib/prop_1.vnnlib,2.965792926,run_instance_timeout,176.038339979
acasxu,./benchmarks/acasxu/onnx/ACASXU_run2a_4_9_batch_2000.onnx,./benchmarks/acasxu/vnnlib/prop_1.vnnlib,2.990345293,run_instance_timeout,176.010702679
acasxu,./benchmarks/acasxu/onnx/ACASXU_run2a_5_1_batch_2000.onnx,./benchmarks/acasxu/vnnlib/prop_1.vnnlib,3.005941392,run_instance_timeout,176.038068557
acasxu,./benchmarks/acasxu/onnx/ACASXU_run2a_5_2_batch_2000.onnx,./benchmarks/acasxu/vnnlib/prop_1.vnnlib,2.996388141,run_instance_timeout,176.066378094
acasxu,./benchmarks/acasxu/onnx/ACASXU_run2a_5_3_batch_2000.onnx,./benchmarks/acasxu/vnnlib/prop_1.vnnlib,2.979458113,run_instance_timeout,176.062837706
acasxu,./benchmarks/acasxu/onnx/ACASXU_run2a_5_4_batch_2000.onnx,./benchmarks/acasxu/vnnlib/prop_1.vnnlib,2.983446091,run_instance_timeout,176.039818195
acasxu,./benchmarks/acasxu/onnx/ACASXU_run2a_5_5_batch_2000.onnx,./benchmarks/acasxu/vnnlib/prop_1.vnnlib,3.012535332,run_instance_timeout,176.045353399
acasxu,./benchmarks/acasxu/onnx/ACASXU_run2a_5_6_batch_2000.onnx,./benchmarks/acasxu/vnnlib/prop_1.vnnlib,3.003969023,run_instance_timeout,176.049753120
acasxu,./benchmarks/acasxu/onnx/ACASXU_run2a_5_7_batch_2000.onnx,./benchmarks/acasxu/vnnlib/prop_1.vnnlib,2.987764416,run_instance_timeout,176.038473409
acasxu,./benchmarks/acasxu/onnx/ACASXU_run2a_5_8_batch_2000.onnx,./benchmarks/acasxu/vnnlib/prop_1.vnnlib,3.017492381,run_instance_timeout,176.067665617
acasxu,./benchmarks/acasxu/onnx/ACASXU_run2a_5_9_batch_2000.onnx,./benchmarks/acasxu/vnnlib/prop_1.vnnlib,2.994532227,run_instance_timeout,176.063069319
acasxu,./benchmarks/acasxu/onnx/ACASXU_run2a_1_1_batch_2000.onnx,./benchmarks/acasxu/vnnlib/prop_2.vnnlib,3.028035138,run_instance_timeout,176.036363116
acasxu,./benchmarks/acasxu/onnx/ACASXU_run2a_1_2_batch_2000.onnx,./benchmarks/acasxu/vnnlib/prop_2.vnnlib,2.996251040,run_instance_timeout,176.066285054
acasxu,./benchmarks/acasxu/onnx/ACASXU_run2a_1_3_batch_2000.onnx,./benchmarks/acasxu/vnnlib/prop_2.vnnlib,3.017977468,run_instance_timeout,176.042171161
acasxu,./benchmarks/acasxu/onnx/ACASXU_run2a_1_4_batch_2000.onnx,./benchmarks/acasxu/vnnlib/prop_2.vnnlib,3.002278500,run_instance_timeout,176.037370857
acasxu,./benchmarks/acasxu/onnx/ACASXU_run2a_1_5_batch_2000.onnx,./benchmarks/acasxu/vnnlib/prop_2.vnnlib,3.014687390,run_instance_timeout,176.048933673
acasxu,./benchmarks/acasxu/onnx/ACASXU_run2a_1_6_batch_2000.onnx,./benchmarks/acasxu/vnnlib/prop_2.vnnlib,2.988731109,run_instance_timeout,176.035745601
acasxu,./benchmarks/acasxu/onnx/ACASXU_run2a_1_7_batch_2000.onnx,./benchmarks/acasxu/vnnlib/prop_2.vnnlib,2.987933582,run_instance_timeout,176.037624441
acasxu,./benchmarks/acasxu/onnx/ACASXU_run2a_1_8_batch_2000.onnx,./benchmarks/acasxu/vnnlib/prop_2.vnnlib,3.011030285,run_instance_timeout,176.004897514
acasxu,./benchmarks/acasxu/onnx/ACASXU_run2a_1_9_batch_2000.onnx,./benchmarks/acasxu/vnnlib/prop_2.vnnlib,2.992265986,run_instance_timeout,176.051074898
acasxu,./benchmarks/acasxu/onnx/ACASXU_run2a_2_1_batch_2000.onnx,./benchmarks/acasxu/vnnlib/prop_2.vnnlib,2.997113828,run_instance_timeout,176.046783503
acasxu,./benchmarks/acasxu/onnx/ACASXU_run2a_2_2_batch_2000.onnx,./benchmarks/acasxu/vnnlib/prop_2.vnnlib,3.001241250,run_instance_timeout,176.020446838
acasxu,./benchmarks/acasxu/onnx/ACASXU_run2a_2_3_batch_2000.onnx,./benchmarks/acasxu/vnnlib/prop_2.vnnlib,2.999478503,run_instance_timeout,176.052204011
acasxu,./benchmarks/acasxu/onnx/ACASXU_run2a_2_4_batch_2000.onnx,./benchmarks/acasxu/vnnlib/prop_2.vnnlib,3.034284147,run_instance_timeout,176.040480111
acasxu,./benchmarks/acasxu/onnx/ACASXU_run2a_2_5_batch_2000.onnx,./benchmarks/acasxu/vnnlib/prop_2.vnnlib,2.997240168,run_instance_timeout,176.061638664
acasxu,./benchmarks/acasxu/onnx/ACASXU_run2a_2_6_batch_2000.onnx,./benchmarks/acasxu/vnnlib/prop_2.vnnlib,3.007693489,run_instance_timeout,176.007677293
acasxu,./benchmarks/acasxu/onnx/ACASXU_run2a_2_7_batch_2000.onnx,./benchmarks/acasxu/vnnlib/prop_2.vnnlib,3.017895047,run_instance_timeout,176.049478429
acasxu,./benchmarks/acasxu/onnx/ACASXU_run2a_2_8_batch_2000.onnx,./benchmarks/acasxu/vnnlib/prop_2.vnnlib,2.993574995,run_instance_timeout,176.039760330
acasxu,./benchmarks/acasxu/onnx/ACASXU_run2a_2_9_batch_2000.onnx,./benchmarks/acasxu/vnnlib/prop_2.vnnlib,3.021878937,run_instance_timeout,176.058861717
acasxu,./benchmarks/acasxu/onnx/ACASXU_run2a_3_1_batch_2000.onnx,./benchmarks/acasxu/vnnlib/prop_2.vnnlib,3.002488177,run_instance_timeout,176.052961699
acasxu,./benchmarks/acasxu/onnx/ACASXU_run2a_3_2_batch_2000.onnx,./benchmarks/acasxu/vnnlib/prop_2.vnnlib,2.983711673,run_instance_timeout,176.057554751
acasxu,./benchmarks/acasxu/onnx/ACASXU_run2a_3_3_batch_2000.onnx,./benchmarks/acasxu/vnnlib/prop_2.vnnlib,3.001595938,run_instance_timeout,176.012329818
acasxu,./benchmarks/acasxu/onnx/ACASXU_run2a_3_4_batch_2000.onnx,./benchmarks/acasxu/vnnlib/prop_2.vnnlib,2.986846789,run_instance_timeout,176.005442544
acasxu,./benchmarks/acasxu/onnx/ACASXU_run2a_3_5_batch_2000.onnx,./benchmarks/acasxu/vnnlib/prop_2.vnnlib,3.016410507,run_instance_timeout,176.007805422
acasxu,./benchmarks/acasxu/onnx/ACASXU_run2a_3_6_batch_2000.onnx,./benchmarks/acasxu/vnnlib/prop_2.vnnlib,3.003959274,run_instance_timeout,176.046272606
acasxu,./benchmarks/acasxu/onnx/ACASXU_run2a_3_7_batch_2000.onnx,./benchmarks/acasxu/vnnlib/prop_2.vnnlib,3.006693974,run_instance_timeout,176.033159231
acasxu,./benchmarks/acasxu/onnx/ACASXU_run2a_3_8_batch_2000.onnx,./benchmarks/acasxu/vnnlib/prop_2.vnnlib,2.992319886,run_instance_timeout,176.055905601
acasxu,./benchmarks/acasxu/onnx/ACASXU_run2a_3_9_batch_2000.onnx,./benchmarks/acasxu/vnnlib/prop_2.vnnlib,2.990040433,run_instance_timeout,176.049775690
acasxu,./benchmarks/acasxu/onnx/ACASXU_run2a_4_1_batch_2000.onnx,./benchmarks/acasxu/vnnlib/prop_2.vnnlib,3.004623684,run_instance_timeout,176.006353483
acasxu,./benchmarks/acasxu/onnx/ACASXU_run2a_4_2_batch_2000.onnx,./benchmarks/acasxu/vnnlib/prop_2.vnnlib,2.997787546,run_instance_timeout,176.037709519
acasxu,./benchmarks/acasxu/onnx/ACASXU_run2a_4_3_batch_2000.onnx,./benchmarks/acasxu/vnnlib/prop_2.vnnlib,2.986279890,run_instance_timeout,176.043669267
acasxu,./benchmarks/acasxu/onnx/ACASXU_run2a_4_4_batch_2000.onnx,./benchmarks/acasxu/vnnlib/prop_2.vnnlib,2.986746376,run_instance_timeout,176.039227372
acasxu,./benchmarks/acasxu/onnx/ACASXU_run2a_4_5_batch_2000.onnx,./benchmarks/acasxu/vnnlib/prop_2.vnnlib,2.995147448,run_instance_timeout,176.044172398
acasxu,./benchmarks/acasxu/onnx/ACASXU_run2a_4_6_batch_2000.onnx,./benchmarks/acasxu/vnnlib/prop_2.vnnlib,3.012206123,run_instance_timeout,176.032233840
acasxu,./benchmarks/acasxu/onnx/ACASXU_run2a_4_7_batch_2000.onnx,./benchmarks/acasxu/vnnlib/prop_2.vnnlib,2.999157306,run_instance_timeout,176.049373526
acasxu,./benchmarks/acasxu/onnx/ACASXU_run2a_4_8_batch_2000.onnx,./benchmarks/acasxu/vnnlib/prop_2.vnnlib,3.035528936,run_instance_timeout,176.004653741
acasxu,./benchmarks/acasxu/onnx/ACASXU_run2a_4_9_batch_2000.onnx,./benchmarks/acasxu/vnnlib/prop_2.vnnlib,3.013454455,run_instance_timeout,176.005230678
acasxu,./benchmarks/acasxu/onnx/ACASXU_run2a_5_1_batch_2000.onnx,./benchmarks/acasxu/vnnlib/prop_2.vnnlib,3.007758285,run_instance_timeout,176.006316824
acasxu,./benchmarks/acasxu/onnx/ACASXU_run2a_5_2_batch_2000.onnx,./benchmarks/acasxu/vnnlib/prop_2.vnnlib,3.015834030,run_instance_timeout,176.049906977
acasxu,./benchmarks/acasxu/onnx/ACASXU_run2a_5_3_batch_2000.onnx,./benchmarks/acasxu/vnnlib/prop_2.vnnlib,3.001824145,run_instance_timeout,176.052388827
acasxu,./benchmarks/acasxu/onnx/ACASXU_run2a_5_4_batch_2000.onnx,./benchmarks/acasxu/vnnlib/prop_2.vnnlib,3.010058899,run_instance_timeout,176.012846817
acasxu,./benchmarks/acasxu/onnx/ACASXU_run2a_5_5_batch_2000.onnx,./benchmarks/acasxu/vnnlib/prop_2.vnnlib,2.996422505,run_instance_timeout,176.020219537
acasxu,./benchmarks/acasxu/onnx/ACASXU_run2a_5_6_batch_2000.onnx,./benchmarks/acasxu/vnnlib/prop_2.vnnlib,3.008648530,run_instance_timeout,176.019899298
acasxu,./benchmarks/acasxu/onnx/ACASXU_run2a_5_7_batch_2000.onnx,./benchmarks/acasxu/vnnlib/prop_2.vnnlib,3.022714934,run_instance_timeout,176.027743398
acasxu,./benchmarks/acasxu/onnx/ACASXU_run2a_5_8_batch_2000.onnx,./benchmarks/acasxu/vnnlib/prop_2.vnnlib,3.009847248,run_instance_timeout,176.011089996
acasxu,./benchmarks/acasxu/onnx/ACASXU_run2a_5_9_batch_2000.onnx,./benchmarks/acasxu/vnnlib/prop_2.vnnlib,3.011133457,run_instance_timeout,176.057431876
acasxu,./benchmarks/acasxu/onnx/ACASXU_run2a_1_1_batch_2000.onnx,./benchmarks/acasxu/vnnlib/prop_3.vnnlib,3.005484704,run_instance_timeout,176.022848995
acasxu,./benchmarks/acasxu/onnx/ACASXU_run2a_1_2_batch_2000.onnx,./benchmarks/acasxu/vnnlib/prop_3.vnnlib,3.021224290,run_instance_timeout,176.015781324
acasxu,./benchmarks/acasxu/onnx/ACASXU_run2a_1_3_batch_2000.onnx,./benchmarks/acasxu/vnnlib/prop_3.vnnlib,3.005417617,run_instance_timeout,176.008822042
acasxu,./benchmarks/acasxu/onnx/ACASXU_run2a_1_4_batch_2000.onnx,./benchmarks/acasxu/vnnlib/prop_3.vnnlib,3.004724809,run_instance_timeout,176.036138219
acasxu,./benchmarks/acasxu/onnx/ACASXU_run2a_1_5_batch_2000.onnx,./benchmarks/acasxu/vnnlib/prop_3.vnnlib,3.039555652,run_instance_timeout,176.012791363
acasxu,./benchmarks/acasxu/onnx/ACASXU_run2a_1_6_batch_2000.onnx,./benchmarks/acasxu/vnnlib/prop_3.vnnlib,3.005947885,run_instance_timeout,176.004033963
acasxu,./benchmarks/acasxu/onnx/ACASXU_run2a_1_7_batch_2000.onnx,./benchmarks/acasxu/vnnlib/prop_3.vnnlib,3.009643668,run_instance_timeout,176.038414955
acasxu,./benchmarks/acasxu/onnx/ACASXU_run2a_1_8_batch_2000.onnx,./benchmarks/acasxu/vnnlib/prop_3.vnnlib,2.996540932,run_instance_timeout,176.032286171
acasxu,./benchmarks/acasxu/onnx/ACASXU_run2a_1_9_batch_2000.onnx,./benchmarks/acasxu/vnnlib/prop_3.vnnlib,3.008299860,run_instance_timeout,176.055186023
acasxu,./benchmarks/acasxu/onnx/ACASXU_run2a_2_1_batch_2000.onnx,./benchmarks/acasxu/vnnlib/prop_3.vnnlib,3.025900243,run_instance_timeout,176.043257133
acasxu,./benchmarks/acasxu/onnx/ACASXU_run2a_2_2_batch_2000.onnx,./benchmarks/acasxu/vnnlib/prop_3.vnnlib,2.993019867,run_instance_timeout,176.004367787
acasxu,./benchmarks/acasxu/onnx/ACASXU_run2a_2_3_batch_2000.onnx,./benchmarks/acasxu/vnnlib/prop_3.vnnlib,3.045085906,run_instance_timeout,176.043610892
acasxu,./benchmarks/acasxu/onnx/ACASXU_run2a_2_4_batch_2000.onnx,./benchmarks/acasxu/vnnlib/prop_3.vnnlib,2.996140643,run_instance_timeout,176.039539676
acasxu,./benchmarks/acasxu/onnx/ACASXU_run2a_2_5_batch_2000.onnx,./benchmarks/acasxu/vnnlib/prop_3.vnnlib,3.014196351,run_instance_timeout,176.042526882
acasxu,./benchmarks/acasxu/onnx/ACASXU_run2a_2_6_batch_2000.onnx,./benchmarks/acasxu/vnnlib/prop_3.vnnlib,2.985281074,run_instance_timeout,176.009651689
acasxu,./benchmarks/acasxu/onnx/ACASXU_run2a_2_7_batch_2000.onnx,./benchmarks/acasxu/vnnlib/prop_3.vnnlib,2.986251419,run_instance_timeout,176.004237861
acasxu,./benchmarks/acasxu/onnx/ACASXU_run2a_2_8_batch_2000.onnx,./benchmarks/acasxu/vnnlib/prop_3.vnnlib,3.017001262,run_instance_timeout,176.048890621
acasxu,./benchmarks/acasxu/onnx/ACASXU_run2a_2_9_batch_2000.onnx,./benchmarks/acasxu/vnnlib/prop_3.vnnlib,3.015394689,run_instance_timeout,176.042315354
acasxu,./benchmarks/acasxu/onnx/ACASXU_run2a_3_1_batch_2000.onnx,./benchmarks/acasxu/vnnlib/prop_3.vnnlib,3.028694105,run_instance_timeout,176.035807514
acasxu,./benchmarks/acasxu/onnx/ACASXU_run2a_3_2_batch_2000.onnx,./benchmarks/acasxu/vnnlib/prop_3.vnnlib,2.996779424,run_instance_timeout,176.003704539
acasxu,./benchmarks/acasxu/onnx/ACASXU_run2a_3_3_batch_2000.onnx,./benchmarks/acasxu/vnnlib/prop_3.vnnlib,3.013749370,run_instance_timeout,176.053910681
acasxu,./benchmarks/acasxu/onnx/ACASXU_run2a_3_4_batch_2000.onnx,./benchmarks/acasxu/vnnlib/prop_3.vnnlib,3.008555018,run_instance_timeout,176.042586027
acasxu,./benchmarks/acasxu/onnx/ACASXU_run2a_3_5_batch_2000.onnx,./benchmarks/acasxu/vnnlib/prop_3.vnnlib,3.002433018,run_instance_timeout,176.053773254
acasxu,./benchmarks/acasxu/onnx/ACASXU_run2a_3_6_batch_2000.onnx,./benchmarks/acasxu/vnnlib/prop_3.vnnlib,3.012138362,run_instance_timeout,176.054331668
acasxu,./benchmarks/acasxu/onnx/ACASXU_run2a_3_7_batch_2000.onnx,./benchmarks/acasxu/vnnlib/prop_3.vnnlib,3.004681231,run_instance_timeout,176.062836202
acasxu,./benchmarks/acasxu/onnx/ACASXU_run2a_3_8_batch_2000.onnx,./benchmarks/acasxu/vnnlib/prop_3.vnnlib,3.019115720,run_instance_timeout,176.050840333
acasxu,./benchmarks/acasxu/onnx/ACASXU_run2a_3_9_batch_2000.onnx,./benchmarks/acasxu/vnnlib/prop_3.vnnlib,3.002788072,run_instance_timeout,176.035181025
acasxu,./benchmarks/acasxu/onnx/ACASXU_run2a_4_1_batch_2000.onnx,./benchmarks/acasxu/vnnlib/prop_3.vnnlib,3.004480420,run_instance_timeout,176.027409598
acasxu,./benchmarks/acasxu/onnx/ACASXU_run2a_4_2_batch_2000.onnx,./benchmarks/acasxu/vnnlib/prop_3.vnnlib,3.025951531,run_instance_timeout,176.015976173
acasxu,./benchmarks/acasxu/onnx/ACASXU_run2a_4_3_batch_2000.onnx,./benchmarks/acasxu/vnnlib/prop_3.vnnlib,3.006765028,run_instance_timeout,176.035117348
acasxu,./benchmarks/acasxu/onnx/ACASXU_run2a_4_4_batch_2000.onnx,./benchmarks/acasxu/vnnlib/prop_3.vnnlib,3.017568062,run_instance_timeout,176.049197799
acasxu,./benchmarks/acasxu/onnx/ACASXU_run2a_4_5_batch_2000.onnx,./benchmarks/acasxu/vnnlib/prop_3.vnnlib,2.990398497,run_instance_timeout,176.042381665
acasxu,./benchmarks/acasxu/onnx/ACASXU_run2a_4_6_batch_2000.onnx,./benchmarks/acasxu/vnnlib/prop_3.vnnlib,3.012249328,run_instance_timeout,176.047074260
acasxu,./benchmarks/acasxu/onnx/ACASXU_run2a_4_7_batch_2000.onnx,./benchmarks/acasxu/vnnlib/prop_3.vnnlib,3.001010286,run_instance_timeout,176.014045108
acasxu,./benchmarks/acasxu/onnx/ACASXU_run2a_4_8_batch_2000.onnx,./benchmarks/acasxu/vnnlib/prop_3.vnnlib,2.989499272,run_instance_timeout,176.056876734
acasxu,./benchmarks/acasxu/onnx/ACASXU_run2a_4_9_batch_2000.onnx,./benchmarks/acasxu/vnnlib/prop_3.vnnlib,3.020912800,run_instance_timeout,176.059906457
acasxu,./benchmarks/acasxu/onnx/ACASXU_run2a_5_1_batch_2000.onnx,./benchmarks/acasxu/vnnlib/prop_3.vnnlib,3.025554198,run_instance_timeout,176.069241670
acasxu,./benchmarks/acasxu/onnx/ACASXU_run2a_5_2_batch_2000.onnx,./benchmarks/acasxu/vnnlib/prop_3.vnnlib,3.001116586,run_instance_timeout,176.040571408
acasxu,./benchmarks/acasxu/onnx/ACASXU_run2a_5_3_batch_2000.onnx,./benchmarks/acasxu/vnnlib/prop_3.vnnlib,3.020218155,run_instance_timeout,176.004517017
acasxu,./benchmarks/acasxu/onnx/ACASXU_run2a_5_4_batch_2000.onnx,./benchmarks/acasxu/vnnlib/prop_3.vnnlib,3.003001025,run_instance_timeout,176.011094117
acasxu,./benchmarks/acasxu/onnx/ACASXU_run2a_5_5_batch_2000.onnx,./benchmarks/acasxu/vnnlib/prop_3.vnnlib,3.016150660,run_instance_timeout,176.064121572
acasxu,./benchmarks/acasxu/onnx/ACASXU_run2a_5_6_batch_2000.onnx,./benchmarks/acasxu/vnnlib/prop_3.vnnlib,2.994911489,run_instance_timeout,176.011593917
acasxu,./benchmarks/acasxu/onnx/ACASXU_run2a_5_7_batch_2000.onnx,./benchmarks/acasxu/vnnlib/prop_3.vnnlib,3.014052988,run_instance_timeout,176.047964909
acasxu,./benchmarks/acasxu/onnx/ACASXU_run2a_5_8_batch_2000.onnx,./benchmarks/acasxu/vnnlib/prop_3.vnnlib,3.014710589,run_instance_timeout,176.052775418
acasxu,./benchmarks/acasxu/onnx/ACASXU_run2a_5_9_batch_2000.onnx,./benchmarks/acasxu/vnnlib/prop_3.vnnlib,2.993550790,run_instance_timeout,176.059257544
acasxu,./benchmarks/acasxu/onnx/ACASXU_run2a_1_1_batch_2000.onnx,./benchmarks/acasxu/vnnlib/prop_4.vnnlib,3.018831234,run_instance_timeout,176.006774775
acasxu,./benchmarks/acasxu/onnx/ACASXU_run2a_1_2_batch_2000.onnx,./benchmarks/acasxu/vnnlib/prop_4.vnnlib,3.009236630,run_instance_timeout,176.029387423
acasxu,./benchmarks/acasxu/onnx/ACASXU_run2a_1_3_batch_2000.onnx,./benchmarks/acasxu/vnnlib/prop_4.vnnlib,3.022200248,run_instance_timeout,176.053575697
acasxu,./benchmarks/acasxu/onnx/ACASXU_run2a_1_4_batch_2000.onnx,./benchmarks/acasxu/vnnlib/prop_4.vnnlib,3.007691998,run_instance_timeout,176.071258780
acasxu,./benchmarks/acasxu/onnx/ACASXU_run2a_1_5_batch_2000.onnx,./benchmarks/acasxu/vnnlib/prop_4.vnnlib,3.028646285,run_instance_timeout,176.051529179
acasxu,./benchmarks/acasxu/onnx/ACASXU_run2a_1_6_batch_2000.onnx,./benchmarks/acasxu/vnnlib/prop_4.vnnlib,2.996815522,run_instance_timeout,176.047566544
acasxu,./benchmarks/acasxu/onnx/ACASXU_run2a_1_7_batch_2000.onnx,./benchmarks/acasxu/vnnlib/prop_4.vnnlib,3.002449373,run_instance_timeout,176.057406911
acasxu,./benchmarks/acasxu/onnx/ACASXU_run2a_1_8_batch_2000.onnx,./benchmarks/acasxu/vnnlib/prop_4.vnnlib,3.034811334,run_instance_timeout,176.042341305
acasxu,./benchmarks/acasxu/onnx/ACASXU_run2a_1_9_batch_2000.onnx,./benchmarks/acasxu/vnnlib/prop_4.vnnlib,3.003912527,run_instance_timeout,176.007922212
acasxu,./benchmarks/acasxu/onnx/ACASXU_run2a_2_1_batch_2000.onnx,./benchmarks/acasxu/vnnlib/prop_4.vnnlib,3.032933449,run_instance_timeout,176.046068732
acasxu,./benchmarks/acasxu/onnx/ACASXU_run2a_2_2_batch_2000.onnx,./benchmarks/acasxu/vnnlib/prop_4.vnnlib,3.025126052,run_instance_timeout,176.042240450
acasxu,./benchmarks/acasxu/onnx/ACASXU_run2a_2_3_batch_2000.onnx,./benchmarks/acasxu/vnnlib/prop_4.vnnlib,3.012608839,run_instance_timeout,176.055764592
acasxu,./benchmarks/acasxu/onnx/ACASXU_run2a_2_4_batch_2000.onnx,./benchmarks/acasxu/vnnlib/prop_4.vnnlib,3.018617526,run_instance_timeout,176.003705662
acasxu,./benchmarks/acasxu/onnx/ACASXU_run2a_2_5_batch_2000.onnx,./benchmarks/acasxu/vnnlib/prop_4.vnnlib,3.019978948,run_instance_timeout,176.037260998
acasxu,./benchmarks/acasxu/onnx/ACASXU_run2a_2_6_batch_2000.onnx,./benchmarks/acasxu/vnnlib/prop_4.vnnlib,3.012828583,run_instance_timeout,176.015464487
acasxu,./benchmarks/acasxu/onnx/ACASXU_run2a_2_7_batch_2000.onnx,./benchmarks/acasxu/vnnlib/prop_4.vnnlib,3.021496011,run_instance_timeout,176.049476193
acasxu,./benchmarks/acasxu/onnx/ACASXU_run2a_2_8_batch_2000.onnx,./benchmarks/acasxu/vnnlib/prop_4.vnnlib,3.016443294,run_instance_timeout,176.046954871
acasxu,./benchmarks/acasxu/onnx/ACASXU_run2a_2_9_batch_2000.onnx,./benchmarks/acasxu/vnnlib/prop_4.vnnlib,3.000677862,run_instance_timeout,176.039414383
acasxu,./benchmarks/acasxu/onnx/ACASXU_run2a_3_1_batch_2000.onnx,./benchmarks/acasxu/vnnlib/prop_4.vnnlib,2.992648215,run_instance_timeout,176.061693772
acasxu,./benchmarks/acasxu/onnx/ACASXU_run2a_3_2_batch_2000.onnx,./benchmarks/acasxu/vnnlib/prop_4.vnnlib,3.021523532,run_instance_timeout,176.052970789
acasxu,./benchmarks/acasxu/onnx/ACASXU_run2a_3_3_batch_2000.onnx,./benchmarks/acasxu/vnnlib/prop_4.vnnlib,3.018921657,run_instance_timeout,176.059452881
acasxu,./benchmarks/acasxu/onnx/ACASXU_run2a_3_4_batch_2000.onnx,./benchmarks/acasxu/vnnlib/prop_4.vnnlib,3.018647562,run_instance_timeout,176.048174210
acasxu,./benchmarks/acasxu/onnx/ACASXU_run2a_3_5_batch_2000.onnx,./benchmarks/acasxu/vnnlib/prop_4.vnnlib,3.018444779,run_instance_timeout,176.058085008
acasxu,./benchmarks/acasxu/onnx/ACASXU_run2a_3_6_batch_2000.onnx,./benchmarks/acasxu/vnnlib/prop_4.vnnlib,3.006235546,run_instance_timeout,176.022835408
acasxu,./benchmarks/acasxu/onnx/ACASXU_run2a_3_7_batch_2000.onnx,./benchmarks/acasxu/vnnlib/prop_4.vnnlib,3.024361282,run_instance_timeout,176.065899733
acasxu,./benchmarks/acasxu/onnx/ACASXU_run2a_3_8_batch_2000.onnx,./benchmarks/acasxu/vnnlib/prop_4.vnnlib,3.006547612,run_instance_timeout,176.042598195
acasxu,./benchmarks/acasxu/onnx/ACASXU_run2a_3_9_batch_2000.onnx,./benchmarks/acasxu/vnnlib/prop_4.vnnlib,3.018140966,run_instance_timeout,176.007017132
acasxu,./benchmarks/acasxu/onnx/ACASXU_run2a_4_1_batch_2000.onnx,./benchmarks/acasxu/vnnlib/prop_4.vnnlib,2.996410283,run_instance_timeout,176.063433759
acasxu,./benchmarks/acasxu/onnx/ACASXU_run2a_4_2_batch_2000.onnx,./benchmarks/acasxu/vnnlib/prop_4.vnnlib,3.001819747,run_instance_timeout,176.051870232
acasxu,./benchmarks/acasxu/onnx/ACASXU_run2a_4_3_batch_2000.onnx,./benchmarks/acasxu/vnnlib/prop_4.vnnlib,3.027788177,run_instance_timeout,176.031129018
acasxu,./benchmarks/acasxu/onnx/ACASXU_run2a_4_4_batch_2000.onnx,./benchmarks/acasxu/vnnlib/prop_4.vnnlib,2.992218031,run_instance_timeout,176.008353089
acasxu,./benchmarks/acasxu/onnx/ACASXU_run2a_4_5_batch_2000.onnx,./benchmarks/acasxu/vnnlib/prop_4.vnnlib,3.016627199,run_instance_timeout,176.061601692
acasxu,./benchmarks/acasxu/onnx/ACASXU_run2a_4_6_batch_2000.onnx,./benchmarks/acasxu/vnnlib/prop_4.vnnlib,3.021201288,run_instance_timeout,176.007729860
acasxu,./benchmarks/acasxu/onnx/ACASXU_run2a_4_7_batch_2000.onnx,./benchmarks/acasxu/vnnlib/prop_4.vnnlib,3.003055917,run_instance_timeout,176.028192285
acasxu,./benchmarks/acasxu/onnx/ACASXU_run2a_4_8_batch_2000.onnx,./benchmarks/acasxu/vnnlib/prop_4.vnnlib,3.028481002,run_instance_timeout,176.008561421
acasxu,./benchmarks/acasxu/onnx/ACASXU_run2a_4_9_batch_2000.onnx,./benchmarks/acasxu/vnnlib/prop_4.vnnlib,3.016737912,run_instance_timeout,176.052472003
acasxu,./benchmarks/acasxu/onnx/ACASXU_run2a_5_1_batch_2000.onnx,./benchmarks/acasxu/vnnlib/prop_4.vnnlib,3.025862538,run_instance_timeout,176.044718205
acasxu,./benchmarks/acasxu/onnx/ACASXU_run2a_5_2_batch_2000.onnx,./benchmarks/acasxu/vnnlib/prop_4.vnnlib,2.983724922,run_instance_timeout,176.064253103
acasxu,./benchmarks/acasxu/onnx/ACASXU_run2a_5_3_batch_2000.onnx,./benchmarks/acasxu/vnnlib/prop_4.vnnlib,2.987287107,run_instance_timeout,176.034478669
acasxu,./benchmarks/acasxu/onnx/ACASXU_run2a_5_4_batch_2000.onnx,./benchmarks/acasxu/vnnlib/prop_4.vnnlib,3.004458902,run_instance_timeout,176.040241507
acasxu,./benchmarks/acasxu/onnx/ACASXU_run2a_5_5_batch_2000.onnx,./benchmarks/acasxu/vnnlib/prop_4.vnnlib,3.018428844,run_instance_timeout,176.043304753
acasxu,./benchmarks/acasxu/onnx/ACASXU_run2a_5_6_batch_2000.onnx,./benchmarks/acasxu/vnnlib/prop_4.vnnlib,3.011145293,run_instance_timeout,176.046117413
acasxu,./benchmarks/acasxu/onnx/ACASXU_run2a_5_7_batch_2000.onnx,./benchmarks/acasxu/vnnlib/prop_4.vnnlib,2.997833317,run_instance_timeout,176.044227064
acasxu,./benchmarks/acasxu/onnx/ACASXU_run2a_5_8_batch_2000.onnx,./benchmarks/acasxu/vnnlib/prop_4.vnnlib,3.022523577,run_instance_timeout,176.030472693
acasxu,./benchmarks/acasxu/onnx/ACASXU_run2a_5_9_batch_2000.onnx,./benchmarks/acasxu/vnnlib/prop_4.vnnlib,3.006146761,run_instance_timeout,176.061969553
acasxu,./benchmarks/acasxu/onnx/ACASXU_run2a_1_1_batch_2000.onnx,./benchmarks/acasxu/vnnlib/prop_5.vnnlib,3.008603138,run_instance_timeout,176.023029325
acasxu,./benchmarks/acasxu/onnx/ACASXU_run2a_1_1_batch_2000.onnx,./benchmarks/acasxu/vnnlib/prop_6.vnnlib,3.019548478,run_instance_timeout,176.009342702
acasxu,./benchmarks/acasxu/onnx/ACASXU_run2a_1_9_batch_2000.onnx,./benchmarks/acasxu/vnnlib/prop_7.vnnlib,3.009025046,run_instance_timeout,176.024305544
acasxu,./benchmarks/acasxu/onnx/ACASXU_run2a_2_9_batch_2000.onnx,./benchmarks/acasxu/vnnlib/prop_8.vnnlib,3.009409322,run_instance_timeout,176.006415704
acasxu,./benchmarks/acasxu/onnx/ACASXU_run2a_3_3_batch_2000.onnx,./benchmarks/acasxu/vnnlib/prop_9.vnnlib,2.999685539,run_instance_timeout,176.026902812
acasxu,./benchmarks/acasxu/onnx/ACASXU_run2a_4_5_batch_2000.onnx,./benchmarks/acasxu/vnnlib/prop_10.vnnlib,3.016594354,run_instance_timeout,176.042646373
acasxu,./benchmarks/test/test_nano.onnx,./benchmarks/test/test_nano.vnnlib,1.965063176,run_instance_timeout,180.047066478
