acasxu,./benchmarks/acasxu/onnx/ACASXU_run2a_1_1_batch_2000.onnx,./benchmarks/acasxu/vnnlib/prop_1.vnnlib,2.630335367,error_exit_code_1,1.420918958
acasxu,./benchmarks/acasxu/onnx/ACASXU_run2a_1_2_batch_2000.onnx,./benchmarks/acasxu/vnnlib/prop_1.vnnlib,2.146419990,error_exit_code_1,1.313293982
acasxu,./benchmarks/acasxu/onnx/ACASXU_run2a_1_3_batch_2000.onnx,./benchmarks/acasxu/vnnlib/prop_1.vnnlib,2.135394522,error_exit_code_1,1.317915845
acasxu,./benchmarks/acasxu/onnx/ACASXU_run2a_1_4_batch_2000.onnx,./benchmarks/acasxu/vnnlib/prop_1.vnnlib,2.129952044,error_exit_code_1,1.313065279
acasxu,./benchmarks/acasxu/onnx/ACASXU_run2a_1_5_batch_2000.onnx,./benchmarks/acasxu/vnnlib/prop_1.vnnlib,2.087582812,error_exit_code_1,1.309388357
acasxu,./benchmarks/acasxu/onnx/ACASXU_run2a_1_6_batch_2000.onnx,./benchmarks/acasxu/vnnlib/prop_1.vnnlib,2.122388994,error_exit_code_1,1.320020098
acasxu,./benchmarks/acasxu/onnx/ACASXU_run2a_1_7_batch_2000.onnx,./benchmarks/acasxu/vnnlib/prop_1.vnnlib,2.146418489,error_exit_code_1,1.335323406
acasxu,./benchmarks/acasxu/onnx/ACASXU_run2a_1_8_batch_2000.onnx,./benchmarks/acasxu/vnnlib/prop_1.vnnlib,2.234802448,error_exit_code_1,1.324544612
acasxu,./benchmarks/acasxu/onnx/ACASXU_run2a_1_9_batch_2000.onnx,./benchmarks/acasxu/vnnlib/prop_1.vnnlib,2.217174221,error_exit_code_1,1.315214514
acasxu,./benchmarks/acasxu/onnx/ACASXU_run2a_2_1_batch_2000.onnx,./benchmarks/acasxu/vnnlib/prop_1.vnnlib,2.127662491,error_exit_code_1,1.308974108
acasxu,./benchmarks/acasxu/onnx/ACASXU_run2a_2_2_batch_2000.onnx,./benchmarks/acasxu/vnnlib/prop_1.vnnlib,2.112956912,error_exit_code_1,1.315918214
acasxu,./benchmarks/acasxu/onnx/ACASXU_run2a_2_3_batch_2000.onnx,./benchmarks/acasxu/vnnlib/prop_1.vnnlib,2.110627190,error_exit_code_1,1.311002513
acasxu,./benchmarks/acasxu/onnx/ACASXU_run2a_2_4_batch_2000.onnx,./benchmarks/acasxu/vnnlib/prop_1.vnnlib,2.164460065,error_exit_code_1,1.311609157
acasxu,./benchmarks/acasxu/onnx/ACASXU_run2a_2_5_batch_2000.onnx,./benchmarks/acasxu/vnnlib/prop_1.vnnlib,2.131046865,error_exit_code_1,1.311289640
acasxu,./benchmarks/acasxu/onnx/ACASXU_run2a_2_6_batch_2000.onnx,./benchmarks/acasxu/vnnlib/prop_1.vnnlib,2.156190582,error_exit_code_1,1.313860905
acasxu,./benchmarks/acasxu/onnx/ACASXU_run2a_2_7_batch_2000.onnx,./benchmarks/acasxu/vnnlib/prop_1.vnnlib,2.143274379,error_exit_code_1,1.314286893
acasxu,./benchmarks/acasxu/onnx/ACASXU_run2a_2_8_batch_2000.onnx,./benchmarks/acasxu/vnnlib/prop_1.vnnlib,2.095999352,error_exit_code_1,1.311646963
acasxu,./benchmarks/acasxu/onnx/ACASXU_run2a_2_9_batch_2000.onnx,./benchmarks/acasxu/vnnlib/prop_1.vnnlib,2.095031138,error_exit_code_1,1.312932749
acasxu,./benchmarks/acasxu/onnx/ACASXU_run2a_3_1_batch_2000.onnx,./benchmarks/acasxu/vnnlib/prop_1.vnnlib,2.130239021,error_exit_code_1,1.309071298
acasxu,./benchmarks/acasxu/onnx/ACASXU_run2a_3_2_batch_2000.onnx,./benchmarks/acasxu/vnnlib/prop_1.vnnlib,2.143282606,error_exit_code_1,1.301069324
acasxu,./benchmarks/acasxu/onnx/ACASXU_run2a_3_3_batch_2000.onnx,./benchmarks/acasxu/vnnlib/prop_1.vnnlib,2.106208988,error_exit_code_1,1.314004733
acasxu,./benchmarks/acasxu/onnx/ACASXU_run2a_3_4_batch_2000.onnx,./benchmarks/acasxu/vnnlib/prop_1.vnnlib,2.154155719,error_exit_code_1,1.303150969
acasxu,./benchmarks/acasxu/onnx/ACASXU_run2a_3_5_batch_2000.onnx,./benchmarks/acasxu/vnnlib/prop_1.vnnlib,2.127408678,error_exit_code_1,1.312110484
acasxu,./benchmarks/acasxu/onnx/ACASXU_run2a_3_6_batch_2000.onnx,./benchmarks/acasxu/vnnlib/prop_1.vnnlib,2.122920955,error_exit_code_1,1.332658236
acasxu,./benchmarks/acasxu/onnx/ACASXU_run2a_3_7_batch_2000.onnx,./benchmarks/acasxu/vnnlib/prop_1.vnnlib,2.155534558,error_exit_code_1,1.313710668
acasxu,./benchmarks/acasxu/onnx/ACASXU_run2a_3_8_batch_2000.onnx,./benchmarks/acasxu/vnnlib/prop_1.vnnlib,2.146667896,error_exit_code_1,1.312537476
acasxu,./benchmarks/acasxu/onnx/ACASXU_run2a_3_9_batch_2000.onnx,./benchmarks/acasxu/vnnlib/prop_1.vnnlib,2.142603067,error_exit_code_1,1.314534012
acasxu,./benchmarks/acasxu/onnx/ACASXU_run2a_4_1_batch_2000.onnx,./benchmarks/acasxu/vnnlib/prop_1.vnnlib,2.124254405,error_exit_code_1,1.314681362
acasxu,./benchmarks/acasxu/onnx/ACASXU_run2a_4_2_batch_2000.onnx,./benchmarks/acasxu/vnnlib/prop_1.vnnlib,2.120947853,error_exit_code_1,1.311509656
acasxu,./benchmarks/acasxu/onnx/ACASXU_run2a_4_3_batch_2000.onnx,./benchmarks/acasxu/vnnlib/prop_1.vnnlib,2.100549223,error_exit_code_1,1.316783554
acasxu,./benchmarks/acasxu/onnx/ACASXU_run2a_4_4_batch_2000.onnx,./benchmarks/acasxu/vnnlib/prop_1.vnnlib,2.123707359,error_exit_code_1,1.308167281
acasxu,./benchmarks/acasxu/onnx/ACASXU_run2a_4_5_batch_2000.onnx,./benchmarks/acasxu/vnnlib/prop_1.vnnlib,2.091207311,error_exit_code_1,1.309360247
acasxu,./benchmarks/acasxu/onnx/ACASXU_run2a_4_6_batch_2000.onnx,./benchmarks/acasxu/vnnlib/prop_1.vnnlib,2.245003386,error_exit_code_1,1.314565937
acasxu,./benchmarks/acasxu/onnx/ACASXU_run2a_4_7_batch_2000.onnx,./benchmarks/acasxu/vnnlib/prop_1.vnnlib,2.138456966,error_exit_code_1,1.311277015
acasxu,./benchmarks/acasxu/onnx/ACASXU_run2a_4_8_batch_2000.onnx,./benchmarks/acasxu/vnnlib/prop_1.vnnlib,2.136796666,error_exit_code_1,1.314964282
acasxu,./benchmarks/acasxu/onnx/ACASXU_run2a_4_9_batch_2000.onnx,./benchmarks/acasxu/vnnlib/prop_1.vnnlib,2.114531811,error_exit_code_1,1.312634506
acasxu,./benchmarks/acasxu/onnx/ACASXU_run2a_5_1_batch_2000.onnx,./benchmarks/acasxu/vnnlib/prop_1.vnnlib,2.123805546,error_exit_code_1,1.305359508
acasxu,./benchmarks/acasxu/onnx/ACASXU_run2a_5_2_batch_2000.onnx,./benchmarks/acasxu/vnnlib/prop_1.vnnlib,2.130616794,error_exit_code_1,1.318913871
acasxu,./benchmarks/acasxu/onnx/ACASXU_run2a_5_3_batch_2000.onnx,./benchmarks/acasxu/vnnlib/prop_1.vnnlib,2.124253209,error_exit_code_1,1.307166313
acasxu,./benchmarks/acasxu/onnx/ACASXU_run2a_5_4_batch_2000.onnx,./benchmarks/acasxu/vnnlib/prop_1.vnnlib,2.107886300,error_exit_code_1,1.321297689
acasxu,./benchmarks/acasxu/onnx/ACASXU_run2a_5_5_batch_2000.onnx,./benchmarks/acasxu/vnnlib/prop_1.vnnlib,2.139584439,error_exit_code_1,1.318705640
acasxu,./benchmarks/acasxu/onnx/ACASXU_run2a_5_6_batch_2000.onnx,./benchmarks/acasxu/vnnlib/prop_1.vnnlib,2.162891853,error_exit_code_1,1.311098275
acasxu,./benchmarks/acasxu/onnx/ACASXU_run2a_5_7_batch_2000.onnx,./benchmarks/acasxu/vnnlib/prop_1.vnnlib,2.127543878,error_exit_code_1,1.322686410
acasxu,./benchmarks/acasxu/onnx/ACASXU_run2a_5_8_batch_2000.onnx,./benchmarks/acasxu/vnnlib/prop_1.vnnlib,2.132151417,error_exit_code_1,1.315505686
acasxu,./benchmarks/acasxu/onnx/ACASXU_run2a_5_9_batch_2000.onnx,./benchmarks/acasxu/vnnlib/prop_1.vnnlib,2.104258580,error_exit_code_1,1.322309246
acasxu,./benchmarks/acasxu/onnx/ACASXU_run2a_1_1_batch_2000.onnx,./benchmarks/acasxu/vnnlib/prop_2.vnnlib,2.175503069,error_exit_code_1,1.314327335
acasxu,./benchmarks/acasxu/onnx/ACASXU_run2a_1_2_batch_2000.onnx,./benchmarks/acasxu/vnnlib/prop_2.vnnlib,2.133673136,error_exit_code_1,1.312800572
acasxu,./benchmarks/acasxu/onnx/ACASXU_run2a_1_3_batch_2000.onnx,./benchmarks/acasxu/vnnlib/prop_2.vnnlib,2.122661875,error_exit_code_1,1.318799935
acasxu,./benchmarks/acasxu/onnx/ACASXU_run2a_1_4_batch_2000.onnx,./benchmarks/acasxu/vnnlib/prop_2.vnnlib,2.115382086,error_exit_code_1,1.314414645
acasxu,./benchmarks/acasxu/onnx/ACASXU_run2a_1_5_batch_2000.onnx,./benchmarks/acasxu/vnnlib/prop_2.vnnlib,2.173049107,error_exit_code_1,1.316548182
acasxu,./benchmarks/acasxu/onnx/ACASXU_run2a_1_6_batch_2000.onnx,./benchmarks/acasxu/vnnlib/prop_2.vnnlib,2.120000066,error_exit_code_1,1.328374232
acasxu,./benchmarks/acasxu/onnx/ACASXU_run2a_1_7_batch_2000.onnx,./benchmarks/acasxu/vnnlib/prop_2.vnnlib,2.160327317,error_exit_code_1,1.309433524
acasxu,./benchmarks/acasxu/onnx/ACASXU_run2a_1_8_batch_2000.onnx,./benchmarks/acasxu/vnnlib/prop_2.vnnlib,2.125442235,error_exit_code_1,1.313799302
acasxu,./benchmarks/acasxu/onnx/ACASXU_run2a_1_9_batch_2000.onnx,./benchmarks/acasxu/vnnlib/prop_2.vnnlib,2.171980838,error_exit_code_1,1.321486759
acasxu,./benchmarks/acasxu/onnx/ACASXU_run2a_2_1_batch_2000.onnx,./benchmarks/acasxu/vnnlib/prop_2.vnnlib,2.147417611,error_exit_code_1,1.310152290
acasxu,./benchmarks/acasxu/onnx/ACASXU_run2a_2_2_batch_2000.onnx,./benchmarks/acasxu/vnnlib/prop_2.vnnlib,2.153040668,error_exit_code_1,1.318337653
acasxu,./benchmarks/acasxu/onnx/ACASXU_run2a_2_3_batch_2000.onnx,./benchmarks/acasxu/vnnlib/prop_2.vnnlib,2.132062556,error_exit_code_1,1.314255204
acasxu,./benchmarks/acasxu/onnx/ACASXU_run2a_2_4_batch_2000.onnx,./benchmarks/acasxu/vnnlib/prop_2.vnnlib,2.116558665,error_exit_code_1,1.312157671
acasxu,./benchmarks/acasxu/onnx/ACASXU_run2a_2_5_batch_2000.onnx,./benchmarks/acasxu/vnnlib/prop_2.vnnlib,2.180899727,error_exit_code_1,1.315057446
acasxu,./benchmarks/acasxu/onnx/ACASXU_run2a_2_6_batch_2000.onnx,./benchmarks/acasxu/vnnlib/prop_2.vnnlib,2.141946115,error_exit_code_1,1.313259566
acasxu,./benchmarks/acasxu/onnx/ACASXU_run2a_2_7_batch_2000.onnx,./benchmarks/acasxu/vnnlib/prop_2.vnnlib,2.137548917,error_exit_code_1,1.294280386
acasxu,./benchmarks/acasxu/onnx/ACASXU_run2a_2_8_batch_2000.onnx,./benchmarks/acasxu/vnnlib/prop_2.vnnlib,2.132626997,error_exit_code_1,1.310475636
acasxu,./benchmarks/acasxu/onnx/ACASXU_run2a_2_9_batch_2000.onnx,./benchmarks/acasxu/vnnlib/prop_2.vnnlib,2.117026596,error_exit_code_1,1.307540021
acasxu,./benchmarks/acasxu/onnx/ACASXU_run2a_3_1_batch_2000.onnx,./benchmarks/acasxu/vnnlib/prop_2.vnnlib,2.148345178,error_exit_code_1,1.302053996
acasxu,./benchmarks/acasxu/onnx/ACASXU_run2a_3_2_batch_2000.onnx,./benchmarks/acasxu/vnnlib/prop_2.vnnlib,2.134749193,error_exit_code_1,1.308703181
acasxu,./benchmarks/acasxu/onnx/ACASXU_run2a_3_3_batch_2000.onnx,./benchmarks/acasxu/vnnlib/prop_2.vnnlib,2.137980619,error_exit_code_1,1.326855576
acasxu,./benchmarks/acasxu/onnx/ACASXU_run2a_3_4_batch_2000.onnx,./benchmarks/acasxu/vnnlib/prop_2.vnnlib,2.163946392,error_exit_code_1,1.309980039
acasxu,./benchmarks/acasxu/onnx/ACASXU_run2a_3_5_batch_2000.onnx,./benchmarks/acasxu/vnnlib/prop_2.vnnlib,2.129491123,error_exit_code_1,1.311492977
acasxu,./benchmarks/acasxu/onnx/ACASXU_run2a_3_6_batch_2000.onnx,./benchmarks/acasxu/vnnlib/prop_2.vnnlib,2.123517998,error_exit_code_1,1.320827288
acasxu,./benchmarks/acasxu/onnx/ACASXU_run2a_3_7_batch_2000.onnx,./benchmarks/acasxu/vnnlib/prop_2.vnnlib,2.125953759,error_exit_code_1,1.313875101
acasxu,./benchmarks/acasxu/onnx/ACASXU_run2a_3_8_batch_2000.onnx,./benchmarks/acasxu/vnnlib/prop_2.vnnlib,2.123665178,error_exit_code_1,1.315284962
acasxu,./benchmarks/acasxu/onnx/ACASXU_run2a_3_9_batch_2000.onnx,./benchmarks/acasxu/vnnlib/prop_2.vnnlib,2.123345668,error_exit_code_1,1.311045638
acasxu,./benchmarks/acasxu/onnx/ACASXU_run2a_4_1_batch_2000.onnx,./benchmarks/acasxu/vnnlib/prop_2.vnnlib,2.125172500,error_exit_code_1,1.311240287
acasxu,./benchmarks/acasxu/onnx/ACASXU_run2a_4_2_batch_2000.onnx,./benchmarks/acasxu/vnnlib/prop_2.vnnlib,2.146411656,error_exit_code_1,1.320102221
acasxu,./benchmarks/acasxu/onnx/ACASXU_run2a_4_3_batch_2000.onnx,./benchmarks/acasxu/vnnlib/prop_2.vnnlib,2.132202167,error_exit_code_1,1.312898280
acasxu,./benchmarks/acasxu/onnx/ACASXU_run2a_4_4_batch_2000.onnx,./benchmarks/acasxu/vnnlib/prop_2.vnnlib,2.155251054,error_exit_code_1,1.333105934
acasxu,./benchmarks/acasxu/onnx/ACASXU_run2a_4_5_batch_2000.onnx,./benchmarks/acasxu/vnnlib/prop_2.vnnlib,2.106725601,error_exit_code_1,1.317959781
acasxu,./benchmarks/acasxu/onnx/ACASXU_run2a_4_6_batch_2000.onnx,./benchmarks/acasxu/vnnlib/prop_2.vnnlib,2.122117201,error_exit_code_1,1.303780088
acasxu,./benchmarks/acasxu/onnx/ACASXU_run2a_4_7_batch_2000.onnx,./benchmarks/acasxu/vnnlib/prop_2.vnnlib,2.112810841,error_exit_code_1,1.314141593
acasxu,./benchmarks/acasxu/onnx/ACASXU_run2a_4_8_batch_2000.onnx,./benchmarks/acasxu/vnnlib/prop_2.vnnlib,2.130647816,error_exit_code_1,1.310092435
acasxu,./benchmarks/acasxu/onnx/ACASXU_run2a_4_9_batch_2000.onnx,./benchmarks/acasxu/vnnlib/prop_2.vnnlib,2.102751548,error_exit_code_1,1.313014832
acasxu,./benchmarks/acasxu/onnx/ACASXU_run2a_5_1_batch_2000.onnx,./benchmarks/acasxu/vnnlib/prop_2.vnnlib,2.125386746,error_exit_code_1,1.313599072
acasxu,./benchmarks/acasxu/onnx/ACASXU_run2a_5_2_batch_2000.onnx,./benchmarks/acasxu/vnnlib/prop_2.vnnlib,2.128061913,error_exit_code_1,1.313844977
acasxu,./benchmarks/acasxu/onnx/ACASXU_run2a_5_3_batch_2000.onnx,./benchmarks/acasxu/vnnlib/prop_2.vnnlib,2.140778363,error_exit_code_1,1.320161669
acasxu,./benchmarks/acasxu/onnx/ACASXU_run2a_5_4_batch_2000.onnx,./benchmarks/acasxu/vnnlib/prop_2.vnnlib,2.156069683,error_exit_code_1,1.318028253
acasxu,./benchmarks/acasxu/onnx/ACASXU_run2a_5_5_batch_2000.onnx,./benchmarks/acasxu/vnnlib/prop_2.vnnlib,2.141201014,error_exit_code_1,1.313680294
acasxu,./benchmarks/acasxu/onnx/ACASXU_run2a_5_6_batch_2000.onnx,./benchmarks/acasxu/vnnlib/prop_2.vnnlib,2.117391566,error_exit_code_1,1.318339445
acasxu,./benchmarks/acasxu/onnx/ACASXU_run2a_5_7_batch_2000.onnx,./benchmarks/acasxu/vnnlib/prop_2.vnnlib,2.119501623,error_exit_code_1,1.310741608
acasxu,./benchmarks/acasxu/onnx/ACASXU_run2a_5_8_batch_2000.onnx,./benchmarks/acasxu/vnnlib/prop_2.vnnlib,2.123804366,error_exit_code_1,1.315820643
acasxu,./benchmarks/acasxu/onnx/ACASXU_run2a_5_9_batch_2000.onnx,./benchmarks/acasxu/vnnlib/prop_2.vnnlib,2.131647725,error_exit_code_1,1.323658714
acasxu,./benchmarks/acasxu/onnx/ACASXU_run2a_1_1_batch_2000.onnx,./benchmarks/acasxu/vnnlib/prop_3.vnnlib,2.140382488,error_exit_code_1,1.314899778
acasxu,./benchmarks/acasxu/onnx/ACASXU_run2a_1_2_batch_2000.onnx,./benchmarks/acasxu/vnnlib/prop_3.vnnlib,2.093267153,error_exit_code_1,1.314298396
acasxu,./benchmarks/acasxu/onnx/ACASXU_run2a_1_3_batch_2000.onnx,./benchmarks/acasxu/vnnlib/prop_3.vnnlib,2.129148506,error_exit_code_1,1.341822322
acasxu,./benchmarks/acasxu/onnx/ACASXU_run2a_1_4_batch_2000.onnx,./benchmarks/acasxu/vnnlib/prop_3.vnnlib,2.185946283,error_exit_code_1,1.311801237
acasxu,./benchmarks/acasxu/onnx/ACASXU_run2a_1_5_batch_2000.onnx,./benchmarks/acasxu/vnnlib/prop_3.vnnlib,2.134738510,error_exit_code_1,1.294667483
acasxu,./benchmarks/acasxu/onnx/ACASXU_run2a_1_6_batch_2000.onnx,./benchmarks/acasxu/vnnlib/prop_3.vnnlib,2.128507722,error_exit_code_1,1.314561736
acasxu,./benchmarks/acasxu/onnx/ACASXU_run2a_1_7_batch_2000.onnx,./benchmarks/acasxu/vnnlib/prop_3.vnnlib,2.126506570,error_exit_code_1,1.310026932
acasxu,./benchmarks/acasxu/onnx/ACASXU_run2a_1_8_batch_2000.onnx,./benchmarks/acasxu/vnnlib/prop_3.vnnlib,2.141180012,error_exit_code_1,1.313831779
acasxu,./benchmarks/acasxu/onnx/ACASXU_run2a_1_9_batch_2000.onnx,./benchmarks/acasxu/vnnlib/prop_3.vnnlib,2.124103327,error_exit_code_1,1.311380253
acasxu,./benchmarks/acasxu/onnx/ACASXU_run2a_2_1_batch_2000.onnx,./benchmarks/acasxu/vnnlib/prop_3.vnnlib,2.108624401,error_exit_code_1,1.304837869
acasxu,./benchmarks/acasxu/onnx/ACASXU_run2a_2_2_batch_2000.onnx,./benchmarks/acasxu/vnnlib/prop_3.vnnlib,2.120570308,error_exit_code_1,1.315334997
acasxu,./benchmarks/acasxu/onnx/ACASXU_run2a_2_3_batch_2000.onnx,./benchmarks/acasxu/vnnlib/prop_3.vnnlib,2.151347684,error_exit_code_1,1.316092256
acasxu,./benchmarks/acasxu/onnx/ACASXU_run2a_2_4_batch_2000.onnx,./benchmarks/acasxu/vnnlib/prop_3.vnnlib,2.139084128,error_exit_code_1,1.313369388
acasxu,./benchmarks/acasxu/onnx/ACASXU_run2a_2_5_batch_2000.onnx,./benchmarks/acasxu/vnnlib/prop_3.vnnlib,2.126502749,error_exit_code_1,1.328903586
acasxu,./benchmarks/acasxu/onnx/ACASXU_run2a_2_6_batch_2000.onnx,./benchmarks/acasxu/vnnlib/prop_3.vnnlib,2.106584167,error_exit_code_1,1.314091898
acasxu,./benchmarks/acasxu/onnx/ACASXU_run2a_2_7_batch_2000.onnx,./benchmarks/acasxu/vnnlib/prop_3.vnnlib,2.138479885,error_exit_code_1,1.314968279
acasxu,./benchmarks/acasxu/onnx/ACASXU_run2a_2_8_batch_2000.onnx,./benchmarks/acasxu/vnnlib/prop_3.vnnlib,2.126000609,error_exit_code_1,1.316782543
acasxu,./benchmarks/acasxu/onnx/ACASXU_run2a_2_9_batch_2000.onnx,./benchmarks/acasxu/vnnlib/prop_3.vnnlib,2.109646838,error_exit_code_1,1.314603574
acasxu,./benchmarks/acasxu/onnx/ACASXU_run2a_3_1_batch_2000.onnx,./benchmarks/acasxu/vnnlib/prop_3.vnnlib,2.151318961,error_exit_code_1,1.315180618
acasxu,./benchmarks/acasxu/onnx/ACASXU_run2a_3_2_batch_2000.onnx,./benchmarks/acasxu/vnnlib/prop_3.vnnlib,2.158238339,error_exit_code_1,1.323736742
acasxu,./benchmarks/acasxu/onnx/ACASXU_run2a_3_3_batch_2000.onnx,./benchmarks/acasxu/vnnlib/prop_3.vnnlib,2.139136773,error_exit_code_1,1.309260210
acasxu,./benchmarks/acasxu/onnx/ACASXU_run2a_3_4_batch_2000.onnx,./benchmarks/acasxu/vnnlib/prop_3.vnnlib,2.138060411,error_exit_code_1,1.292632390
acasxu,./benchmarks/acasxu/onnx/ACASXU_run2a_3_5_batch_2000.onnx,./benchmarks/acasxu/vnnlib/prop_3.vnnlib,2.127158375,error_exit_code_1,1.312550007
acasxu,./benchmarks/acasxu/onnx/ACASXU_run2a_3_6_batch_2000.onnx,./benchmarks/acasxu/vnnlib/prop_3.vnnlib,2.124129075,error_exit_code_1,1.328685881
acasxu,./benchmarks/acasxu/onnx/ACASXU_run2a_3_7_batch_2000.onnx,./benchmarks/acasxu/vnnlib/prop_3.vnnlib,2.141162801,error_exit_code_1,1.319329371
acasxu,./benchmarks/acasxu/onnx/ACASXU_run2a_3_8_batch_2000.onnx,./benchmarks/acasxu/vnnlib/prop_3.vnnlib,2.158639750,error_exit_code_1,1.324883508
acasxu,./benchmarks/acasxu/onnx/ACASXU_run2a_3_9_batch_2000.onnx,./benchmarks/acasxu/vnnlib/prop_3.vnnlib,2.154495560,error_exit_code_1,1.313531400
acasxu,./benchmarks/acasxu/onnx/ACASXU_run2a_4_1_batch_2000.onnx,./benchmarks/acasxu/vnnlib/prop_3.vnnlib,2.122611380,error_exit_code_1,1.313706567
acasxu,./benchmarks/acasxu/onnx/ACASXU_run2a_4_2_batch_2000.onnx,./benchmarks/acasxu/vnnlib/prop_3.vnnlib,2.137721110,error_exit_code_1,1.301845250
acasxu,./benchmarks/acasxu/onnx/ACASXU_run2a_4_3_batch_2000.onnx,./benchmarks/acasxu/vnnlib/prop_3.vnnlib,2.148780891,error_exit_code_1,1.306678820
acasxu,./benchmarks/acasxu/onnx/ACASXU_run2a_4_4_batch_2000.onnx,./benchmarks/acasxu/vnnlib/prop_3.vnnlib,2.139602149,error_exit_code_1,1.310652711
acasxu,./benchmarks/acasxu/onnx/ACASXU_run2a_4_5_batch_2000.onnx,./benchmarks/acasxu/vnnlib/prop_3.vnnlib,2.136903167,error_exit_code_1,1.314515203
acasxu,./benchmarks/acasxu/onnx/ACASXU_run2a_4_6_batch_2000.onnx,./benchmarks/acasxu/vnnlib/prop_3.vnnlib,2.165702448,error_exit_code_1,1.308255044
acasxu,./benchmarks/acasxu/onnx/ACASXU_run2a_4_7_batch_2000.onnx,./benchmarks/acasxu/vnnlib/prop_3.vnnlib,2.128333092,error_exit_code_1,1.315505518
acasxu,./benchmarks/acasxu/onnx/ACASXU_run2a_4_8_batch_2000.onnx,./benchmarks/acasxu/vnnlib/prop_3.vnnlib,2.123512247,error_exit_code_1,1.314074691
acasxu,./benchmarks/acasxu/onnx/ACASXU_run2a_4_9_batch_2000.onnx,./benchmarks/acasxu/vnnlib/prop_3.vnnlib,2.138815604,error_exit_code_1,1.317514025
acasxu,./benchmarks/acasxu/onnx/ACASXU_run2a_5_1_batch_2000.onnx,./benchmarks/acasxu/vnnlib/prop_3.vnnlib,2.152500303,error_exit_code_1,1.315739835
acasxu,./benchmarks/acasxu/onnx/ACASXU_run2a_5_2_batch_2000.onnx,./benchmarks/acasxu/vnnlib/prop_3.vnnlib,2.155175798,error_exit_code_1,1.312586117
acasxu,./benchmarks/acasxu/onnx/ACASXU_run2a_5_3_batch_2000.onnx,./benchmarks/acasxu/vnnlib/prop_3.vnnlib,2.104410338,error_exit_code_1,1.339568713
acasxu,./benchmarks/acasxu/onnx/ACASXU_run2a_5_4_batch_2000.onnx,./benchmarks/acasxu/vnnlib/prop_3.vnnlib,2.205100337,error_exit_code_1,1.306189089
acasxu,./benchmarks/acasxu/onnx/ACASXU_run2a_5_5_batch_2000.onnx,./benchmarks/acasxu/vnnlib/prop_3.vnnlib,2.180507056,error_exit_code_1,1.312423153
acasxu,./benchmarks/acasxu/onnx/ACASXU_run2a_5_6_batch_2000.onnx,./benchmarks/acasxu/vnnlib/prop_3.vnnlib,2.113999806,error_exit_code_1,1.304099133
acasxu,./benchmarks/acasxu/onnx/ACASXU_run2a_5_7_batch_2000.onnx,./benchmarks/acasxu/vnnlib/prop_3.vnnlib,2.120867843,error_exit_code_1,1.326286736
acasxu,./benchmarks/acasxu/onnx/ACASXU_run2a_5_8_batch_2000.onnx,./benchmarks/acasxu/vnnlib/prop_3.vnnlib,2.124826873,error_exit_code_1,1.295491429
acasxu,./benchmarks/acasxu/onnx/ACASXU_run2a_5_9_batch_2000.onnx,./benchmarks/acasxu/vnnlib/prop_3.vnnlib,2.126383970,error_exit_code_1,1.315700065
acasxu,./benchmarks/acasxu/onnx/ACASXU_run2a_1_1_batch_2000.onnx,./benchmarks/acasxu/vnnlib/prop_4.vnnlib,2.125865373,error_exit_code_1,1.302273032
acasxu,./benchmarks/acasxu/onnx/ACASXU_run2a_1_2_batch_2000.onnx,./benchmarks/acasxu/vnnlib/prop_4.vnnlib,2.079039854,error_exit_code_1,1.308493806
acasxu,./benchmarks/acasxu/onnx/ACASXU_run2a_1_3_batch_2000.onnx,./benchmarks/acasxu/vnnlib/prop_4.vnnlib,2.113480108,error_exit_code_1,1.317628559
acasxu,./benchmarks/acasxu/onnx/ACASXU_run2a_1_4_batch_2000.onnx,./benchmarks/acasxu/vnnlib/prop_4.vnnlib,2.222870322,error_exit_code_1,1.315713456
acasxu,./benchmarks/acasxu/onnx/ACASXU_run2a_1_5_batch_2000.onnx,./benchmarks/acasxu/vnnlib/prop_4.vnnlib,2.204608731,error_exit_code_1,1.323832686
acasxu,./benchmarks/acasxu/onnx/ACASXU_run2a_1_6_batch_2000.onnx,./benchmarks/acasxu/vnnlib/prop_4.vnnlib,2.118044817,error_exit_code_1,1.309791458
acasxu,./benchmarks/acasxu/onnx/ACASXU_run2a_1_7_batch_2000.onnx,./benchmarks/acasxu/vnnlib/prop_4.vnnlib,2.085403308,error_exit_code_1,1.310959271
acasxu,./benchmarks/acasxu/onnx/ACASXU_run2a_1_8_batch_2000.onnx,./benchmarks/acasxu/vnnlib/prop_4.vnnlib,2.103823437,error_exit_code_1,1.319238965
acasxu,./benchmarks/acasxu/onnx/ACASXU_run2a_1_9_batch_2000.onnx,./benchmarks/acasxu/vnnlib/prop_4.vnnlib,2.117673048,error_exit_code_1,1.311281531
acasxu,./benchmarks/acasxu/onnx/ACASXU_run2a_2_1_batch_2000.onnx,./benchmarks/acasxu/vnnlib/prop_4.vnnlib,2.211011634,error_exit_code_1,1.330486571
acasxu,./benchmarks/acasxu/onnx/ACASXU_run2a_2_2_batch_2000.onnx,./benchmarks/acasxu/vnnlib/prop_4.vnnlib,2.137163361,error_exit_code_1,1.321999823
acasxu,./benchmarks/acasxu/onnx/ACASXU_run2a_2_3_batch_2000.onnx,./benchmarks/acasxu/vnnlib/prop_4.vnnlib,2.135055527,error_exit_code_1,1.345591494
acasxu,./benchmarks/acasxu/onnx/ACASXU_run2a_2_4_batch_2000.onnx,./benchmarks/acasxu/vnnlib/prop_4.vnnlib,2.121872789,error_exit_code_1,1.315989617
acasxu,./benchmarks/acasxu/onnx/ACASXU_run2a_2_5_batch_2000.onnx,./benchmarks/acasxu/vnnlib/prop_4.vnnlib,2.194631850,error_exit_code_1,1.313545608
acasxu,./benchmarks/acasxu/onnx/ACASXU_run2a_2_6_batch_2000.onnx,./benchmarks/acasxu/vnnlib/prop_4.vnnlib,2.129317177,error_exit_code_1,1.314075812
acasxu,./benchmarks/acasxu/onnx/ACASXU_run2a_2_7_batch_2000.onnx,./benchmarks/acasxu/vnnlib/prop_4.vnnlib,2.139707264,error_exit_code_1,1.318471399
acasxu,./benchmarks/acasxu/onnx/ACASXU_run2a_2_8_batch_2000.onnx,./benchmarks/acasxu/vnnlib/prop_4.vnnlib,2.160331723,error_exit_code_1,1.309990235
acasxu,./benchmarks/acasxu/onnx/ACASXU_run2a_2_9_batch_2000.onnx,./benchmarks/acasxu/vnnlib/prop_4.vnnlib,2.113628197,error_exit_code_1,1.315592484
acasxu,./benchmarks/acasxu/onnx/ACASXU_run2a_3_1_batch_2000.onnx,./benchmarks/acasxu/vnnlib/prop_4.vnnlib,2.131404616,error_exit_code_1,1.313757423
acasxu,./benchmarks/acasxu/onnx/ACASXU_run2a_3_2_batch_2000.onnx,./benchmarks/acasxu/vnnlib/prop_4.vnnlib,2.147869411,error_exit_code_1,1.309692483
acasxu,./benchmarks/acasxu/onnx/ACASXU_run2a_3_3_batch_2000.onnx,./benchmarks/acasxu/vnnlib/prop_4.vnnlib,2.115527018,error_exit_code_1,1.307616990
acasxu,./benchmarks/acasxu/onnx/ACASXU_run2a_3_4_batch_2000.onnx,./benchmarks/acasxu/vnnlib/prop_4.vnnlib,2.149463525,error_exit_code_1,1.318133289
acasxu,./benchmarks/acasxu/onnx/ACASXU_run2a_3_5_batch_2000.onnx,./benchmarks/acasxu/vnnlib/prop_4.vnnlib,2.143979243,error_exit_code_1,1.317248700
acasxu,./benchmarks/acasxu/onnx/ACASXU_run2a_3_6_batch_2000.onnx,./benchmarks/acasxu/vnnlib/prop_4.vnnlib,2.095559386,error_exit_code_1,1.318143873
acasxu,./benchmarks/acasxu/onnx/ACASXU_run2a_3_7_batch_2000.onnx,./benchmarks/acasxu/vnnlib/prop_4.vnnlib,2.107701228,error_exit_code_1,1.312362991
acasxu,./benchmarks/acasxu/onnx/ACASXU_run2a_3_8_batch_2000.onnx,./benchmarks/acasxu/vnnlib/prop_4.vnnlib,2.128609541,error_exit_code_1,1.315477347
acasxu,./benchmarks/acasxu/onnx/ACASXU_run2a_3_9_batch_2000.onnx,./benchmarks/acasxu/vnnlib/prop_4.vnnlib,2.148970629,error_exit_code_1,1.328491521
acasxu,./benchmarks/acasxu/onnx/ACASXU_run2a_4_1_batch_2000.onnx,./benchmarks/acasxu/vnnlib/prop_4.vnnlib,2.132024416,error_exit_code_1,1.315271511
acasxu,./benchmarks/acasxu/onnx/ACASXU_run2a_4_2_batch_2000.onnx,./benchmarks/acasxu/vnnlib/prop_4.vnnlib,2.111961526,error_exit_code_1,1.298077743
acasxu,./benchmarks/acasxu/onnx/ACASXU_run2a_4_3_batch_2000.onnx,./benchmarks/acasxu/vnnlib/prop_4.vnnlib,2.134973784,error_exit_code_1,1.326854016
acasxu,./benchmarks/acasxu/onnx/ACASXU_run2a_4_4_batch_2000.onnx,./benchmarks/acasxu/vnnlib/prop_4.vnnlib,2.150996833,error_exit_code_1,1.311582212
acasxu,./benchmarks/acasxu/onnx/ACASXU_run2a_4_5_batch_2000.onnx,./benchmarks/acasxu/vnnlib/prop_4.vnnlib,2.119502350,error_exit_code_1,1.310967613
acasxu,./benchmarks/acasxu/onnx/ACASXU_run2a_4_6_batch_2000.onnx,./benchmarks/acasxu/vnnlib/prop_4.vnnlib,2.117714929,error_exit_code_1,1.321797632
acasxu,./benchmarks/acasxu/onnx/ACASXU_run2a_4_7_batch_2000.onnx,./benchmarks/acasxu/vnnlib/prop_4.vnnlib,2.129740098,error_exit_code_1,1.314289756
acasxu,./benchmarks/acasxu/onnx/ACASXU_run2a_4_8_batch_2000.onnx,./benchmarks/acasxu/vnnlib/prop_4.vnnlib,2.149248489,error_exit_code_1,1.312606994
acasxu,./benchmarks/acasxu/onnx/ACASXU_run2a_4_9_batch_2000.onnx,./benchmarks/acasxu/vnnlib/prop_4.vnnlib,2.217001159,error_exit_code_1,1.318799305
acasxu,./benchmarks/acasxu/onnx/ACASXU_run2a_5_1_batch_2000.onnx,./benchmarks/acasxu/vnnlib/prop_4.vnnlib,2.136151194,error_exit_code_1,1.314520336
acasxu,./benchmarks/acasxu/onnx/ACASXU_run2a_5_2_batch_2000.onnx,./benchmarks/acasxu/vnnlib/prop_4.vnnlib,2.113896703,error_exit_code_1,1.312691942
acasxu,./benchmarks/acasxu/onnx/ACASXU_run2a_5_3_batch_2000.onnx,./benchmarks/acasxu/vnnlib/prop_4.vnnlib,2.126605064,error_exit_code_1,1.319740295
acasxu,./benchmarks/acasxu/onnx/ACASXU_run2a_5_4_batch_2000.onnx,./benchmarks/acasxu/vnnlib/prop_4.vnnlib,2.140751738,error_exit_code_1,1.308399251
acasxu,./benchmarks/acasxu/onnx/ACASXU_run2a_5_5_batch_2000.onnx,./benchmarks/acasxu/vnnlib/prop_4.vnnlib,2.119681888,error_exit_code_1,1.315474630
acasxu,./benchmarks/acasxu/onnx/ACASXU_run2a_5_6_batch_2000.onnx,./benchmarks/acasxu/vnnlib/prop_4.vnnlib,2.128052913,error_exit_code_1,1.314916479
acasxu,./benchmarks/acasxu/onnx/ACASXU_run2a_5_7_batch_2000.onnx,./benchmarks/acasxu/vnnlib/prop_4.vnnlib,2.128290136,error_exit_code_1,1.313858417
acasxu,./benchmarks/acasxu/onnx/ACASXU_run2a_5_8_batch_2000.onnx,./benchmarks/acasxu/vnnlib/prop_4.vnnlib,2.113953697,error_exit_code_1,1.351873067
acasxu,./benchmarks/acasxu/onnx/ACASXU_run2a_5_9_batch_2000.onnx,./benchmarks/acasxu/vnnlib/prop_4.vnnlib,2.167128933,error_exit_code_1,1.314502262
acasxu,./benchmarks/acasxu/onnx/ACASXU_run2a_1_1_batch_2000.onnx,./benchmarks/acasxu/vnnlib/prop_5.vnnlib,2.161823468,error_exit_code_1,1.320046991
acasxu,./benchmarks/acasxu/onnx/ACASXU_run2a_1_1_batch_2000.onnx,./benchmarks/acasxu/vnnlib/prop_6.vnnlib,2.124633305,error_exit_code_1,1.304397313
acasxu,./benchmarks/acasxu/onnx/ACASXU_run2a_1_9_batch_2000.onnx,./benchmarks/acasxu/vnnlib/prop_7.vnnlib,2.110445241,error_exit_code_1,1.314472770
acasxu,./benchmarks/acasxu/onnx/ACASXU_run2a_2_9_batch_2000.onnx,./benchmarks/acasxu/vnnlib/prop_8.vnnlib,2.131723075,error_exit_code_1,1.318344443
acasxu,./benchmarks/acasxu/onnx/ACASXU_run2a_3_3_batch_2000.onnx,./benchmarks/acasxu/vnnlib/prop_9.vnnlib,2.107476558,error_exit_code_1,1.297847976
acasxu,./benchmarks/acasxu/onnx/ACASXU_run2a_4_5_batch_2000.onnx,./benchmarks/acasxu/vnnlib/prop_10.vnnlib,2.134829000,error_exit_code_1,1.315741175
acasxu,./benchmarks/test/test_nano.onnx,./benchmarks/test/test_nano.vnnlib,2.124576443,unsat,1.302492387
