rl_benchmarks,./benchmarks/rl_benchmarks/onnx/cartpole.onnx,./benchmarks/rl_benchmarks/vnnlib/cartpole_case_unsafe_0.vnnlib,1.258971419,unsat,1.580187303
rl_benchmarks,./benchmarks/rl_benchmarks/onnx/cartpole.onnx,./benchmarks/rl_benchmarks/vnnlib/cartpole_case_unsafe_1.vnnlib,1.255809627,unknown,1.582173711
rl_benchmarks,./benchmarks/rl_benchmarks/onnx/cartpole.onnx,./benchmarks/rl_benchmarks/vnnlib/cartpole_case_unsafe_2.vnnlib,1.270791411,unknown,1.619855035
rl_benchmarks,./benchmarks/rl_benchmarks/onnx/cartpole.onnx,./benchmarks/rl_benchmarks/vnnlib/cartpole_case_unsafe_3.vnnlib,1.257815931,unknown,1.578422113
rl_benchmarks,./benchmarks/rl_benchmarks/onnx/cartpole.onnx,./benchmarks/rl_benchmarks/vnnlib/cartpole_case_unsafe_4.vnnlib,1.255091092,unknown,1.574824367
rl_benchmarks,./benchmarks/rl_benchmarks/onnx/cartpole.onnx,./benchmarks/rl_benchmarks/vnnlib/cartpole_case_unsafe_5.vnnlib,1.257973858,unknown,1.576648990
rl_benchmarks,./benchmarks/rl_benchmarks/onnx/cartpole.onnx,./benchmarks/rl_benchmarks/vnnlib/cartpole_case_unsafe_6.vnnlib,1.261421568,unknown,1.583710409
rl_benchmarks,./benchmarks/rl_benchmarks/onnx/cartpole.onnx,./benchmarks/rl_benchmarks/vnnlib/cartpole_case_unsafe_7.vnnlib,1.257061323,unknown,1.586421058
rl_benchmarks,./benchmarks/rl_benchmarks/onnx/cartpole.onnx,./benchmarks/rl_benchmarks/vnnlib/cartpole_case_unsafe_8.vnnlib,1.294381492,unknown,1.564510806
rl_benchmarks,./benchmarks/rl_benchmarks/onnx/cartpole.onnx,./benchmarks/rl_benchmarks/vnnlib/cartpole_case_safe_9.vnnlib,1.271056053,unknown,1.586877059
rl_benchmarks,./benchmarks/rl_benchmarks/onnx/cartpole.onnx,./benchmarks/rl_benchmarks/vnnlib/cartpole_case_unsafe_10.vnnlib,1.256124183,unknown,1.583289749
rl_benchmarks,./benchmarks/rl_benchmarks/onnx/cartpole.onnx,./benchmarks/rl_benchmarks/vnnlib/cartpole_case_unsafe_11.vnnlib,1.255789417,unknown,1.589548046
rl_benchmarks,./benchmarks/rl_benchmarks/onnx/cartpole.onnx,./benchmarks/rl_benchmarks/vnnlib/cartpole_case_unsafe_12.vnnlib,1.265302135,unknown,1.621283856
rl_benchmarks,./benchmarks/rl_benchmarks/onnx/cartpole.onnx,./benchmarks/rl_benchmarks/vnnlib/cartpole_case_unsafe_13.vnnlib,1.255025644,unknown,1.561191563
rl_benchmarks,./benchmarks/rl_benchmarks/onnx/cartpole.onnx,./benchmarks/rl_benchmarks/vnnlib/cartpole_case_safe_14.vnnlib,1.261421533,unknown,1.581225524
rl_benchmarks,./benchmarks/rl_benchmarks/onnx/cartpole.onnx,./benchmarks/rl_benchmarks/vnnlib/cartpole_case_unsafe_15.vnnlib,1.264213413,unknown,1.591989010
rl_benchmarks,./benchmarks/rl_benchmarks/onnx/cartpole.onnx,./benchmarks/rl_benchmarks/vnnlib/cartpole_case_unsafe_16.vnnlib,1.226105621,unknown,1.574316710
rl_benchmarks,./benchmarks/rl_benchmarks/onnx/cartpole.onnx,./benchmarks/rl_benchmarks/vnnlib/cartpole_case_unsafe_17.vnnlib,1.280998342,unknown,1.587214994
rl_benchmarks,./benchmarks/rl_benchmarks/onnx/cartpole.onnx,./benchmarks/rl_benchmarks/vnnlib/cartpole_case_unsafe_18.vnnlib,1.259330519,unknown,1.597906767
rl_benchmarks,./benchmarks/rl_benchmarks/onnx/cartpole.onnx,./benchmarks/rl_benchmarks/vnnlib/cartpole_case_unsafe_19.vnnlib,1.260122794,unknown,1.623403315
rl_benchmarks,./benchmarks/rl_benchmarks/onnx/cartpole.onnx,./benchmarks/rl_benchmarks/vnnlib/cartpole_case_unsafe_20.vnnlib,1.243364251,unknown,1.605784382
rl_benchmarks,./benchmarks/rl_benchmarks/onnx/cartpole.onnx,./benchmarks/rl_benchmarks/vnnlib/cartpole_case_unsafe_21.vnnlib,1.268645082,unknown,1.619892287
rl_benchmarks,./benchmarks/rl_benchmarks/onnx/cartpole.onnx,./benchmarks/rl_benchmarks/vnnlib/cartpole_case_unsafe_22.vnnlib,1.263548022,unknown,1.622040673
rl_benchmarks,./benchmarks/rl_benchmarks/onnx/cartpole.onnx,./benchmarks/rl_benchmarks/vnnlib/cartpole_case_unsafe_23.vnnlib,1.293514857,unknown,1.580269756
rl_benchmarks,./benchmarks/rl_benchmarks/onnx/cartpole.onnx,./benchmarks/rl_benchmarks/vnnlib/cartpole_case_unsafe_24.vnnlib,1.294301915,unknown,1.581118573
rl_benchmarks,./benchmarks/rl_benchmarks/onnx/cartpole.onnx,./benchmarks/rl_benchmarks/vnnlib/cartpole_case_unsafe_25.vnnlib,1.252646451,unknown,1.611909441
rl_benchmarks,./benchmarks/rl_benchmarks/onnx/cartpole.onnx,./benchmarks/rl_benchmarks/vnnlib/cartpole_case_unsafe_26.vnnlib,1.255068962,unknown,1.598735397
rl_benchmarks,./benchmarks/rl_benchmarks/onnx/cartpole.onnx,./benchmarks/rl_benchmarks/vnnlib/cartpole_case_safe_27.vnnlib,1.260616957,unknown,1.579172074
rl_benchmarks,./benchmarks/rl_benchmarks/onnx/cartpole.onnx,./benchmarks/rl_benchmarks/vnnlib/cartpole_case_unsafe_28.vnnlib,1.294969479,unknown,1.582023788
rl_benchmarks,./benchmarks/rl_benchmarks/onnx/cartpole.onnx,./benchmarks/rl_benchmarks/vnnlib/cartpole_case_unsafe_29.vnnlib,1.308468691,sat,1.322992693
rl_benchmarks,./benchmarks/rl_benchmarks/onnx/cartpole.onnx,./benchmarks/rl_benchmarks/vnnlib/cartpole_case_unsafe_30.vnnlib,1.212076604,unknown,1.592938623
rl_benchmarks,./benchmarks/rl_benchmarks/onnx/cartpole.onnx,./benchmarks/rl_benchmarks/vnnlib/cartpole_case_unsafe_31.vnnlib,1.264892411,unknown,1.558727456
rl_benchmarks,./benchmarks/rl_benchmarks/onnx/cartpole.onnx,./benchmarks/rl_benchmarks/vnnlib/cartpole_case_unsafe_32.vnnlib,1.256431383,unknown,1.615202268
rl_benchmarks,./benchmarks/rl_benchmarks/onnx/cartpole.onnx,./benchmarks/rl_benchmarks/vnnlib/cartpole_case_unsafe_33.vnnlib,1.305402742,unknown,1.574603960
rl_benchmarks,./benchmarks/rl_benchmarks/onnx/cartpole.onnx,./benchmarks/rl_benchmarks/vnnlib/cartpole_case_unsafe_34.vnnlib,1.293007491,unknown,1.577688985
rl_benchmarks,./benchmarks/rl_benchmarks/onnx/cartpole.onnx,./benchmarks/rl_benchmarks/vnnlib/cartpole_case_unsafe_35.vnnlib,1.255777461,unknown,1.575582245
rl_benchmarks,./benchmarks/rl_benchmarks/onnx/cartpole.onnx,./benchmarks/rl_benchmarks/vnnlib/cartpole_case_unsafe_36.vnnlib,1.296753940,sat,1.335766339
rl_benchmarks,./benchmarks/rl_benchmarks/onnx/cartpole.onnx,./benchmarks/rl_benchmarks/vnnlib/cartpole_case_unsafe_37.vnnlib,1.250552544,unknown,1.636273935
rl_benchmarks,./benchmarks/rl_benchmarks/onnx/cartpole.onnx,./benchmarks/rl_benchmarks/vnnlib/cartpole_case_unsafe_38.vnnlib,1.271998548,unknown,1.584515064
rl_benchmarks,./benchmarks/rl_benchmarks/onnx/cartpole.onnx,./benchmarks/rl_benchmarks/vnnlib/cartpole_case_safe_39.vnnlib,1.259649792,unknown,1.557108577
rl_benchmarks,./benchmarks/rl_benchmarks/onnx/cartpole.onnx,./benchmarks/rl_benchmarks/vnnlib/cartpole_case_unsafe_40.vnnlib,1.263055224,unknown,1.599286325
rl_benchmarks,./benchmarks/rl_benchmarks/onnx/cartpole.onnx,./benchmarks/rl_benchmarks/vnnlib/cartpole_case_unsafe_41.vnnlib,1.307298862,unknown,1.578512747
rl_benchmarks,./benchmarks/rl_benchmarks/onnx/cartpole.onnx,./benchmarks/rl_benchmarks/vnnlib/cartpole_case_unsafe_42.vnnlib,1.257614360,sat,1.304400974
rl_benchmarks,./benchmarks/rl_benchmarks/onnx/cartpole.onnx,./benchmarks/rl_benchmarks/vnnlib/cartpole_case_unsafe_43.vnnlib,1.282786118,unknown,1.561772675
rl_benchmarks,./benchmarks/rl_benchmarks/onnx/cartpole.onnx,./benchmarks/rl_benchmarks/vnnlib/cartpole_case_unsafe_44.vnnlib,1.257446373,sat,1.298274369
rl_benchmarks,./benchmarks/rl_benchmarks/onnx/cartpole.onnx,./benchmarks/rl_benchmarks/vnnlib/cartpole_case_safe_45.vnnlib,1.266007027,unknown,1.638959292
rl_benchmarks,./benchmarks/rl_benchmarks/onnx/cartpole.onnx,./benchmarks/rl_benchmarks/vnnlib/cartpole_case_safe_46.vnnlib,1.236368849,unknown,1.604977374
rl_benchmarks,./benchmarks/rl_benchmarks/onnx/cartpole.onnx,./benchmarks/rl_benchmarks/vnnlib/cartpole_case_safe_47.vnnlib,1.256278739,unknown,1.590504390
rl_benchmarks,./benchmarks/rl_benchmarks/onnx/cartpole.onnx,./benchmarks/rl_benchmarks/vnnlib/cartpole_case_safe_48.vnnlib,1.267268741,unknown,1.563493171
rl_benchmarks,./benchmarks/rl_benchmarks/onnx/cartpole.onnx,./benchmarks/rl_benchmarks/vnnlib/cartpole_case_safe_49.vnnlib,1.258622907,unsat,1.670523897
rl_benchmarks,./benchmarks/rl_benchmarks/onnx/cartpole.onnx,./benchmarks/rl_benchmarks/vnnlib/cartpole_case_safe_50.vnnlib,1.255411328,unknown,1.619623753
rl_benchmarks,./benchmarks/rl_benchmarks/onnx/cartpole.onnx,./benchmarks/rl_benchmarks/vnnlib/cartpole_case_safe_51.vnnlib,1.294702576,unknown,1.581472583
rl_benchmarks,./benchmarks/rl_benchmarks/onnx/cartpole.onnx,./benchmarks/rl_benchmarks/vnnlib/cartpole_case_safe_52.vnnlib,1.252947456,unknown,1.530678011
rl_benchmarks,./benchmarks/rl_benchmarks/onnx/cartpole.onnx,./benchmarks/rl_benchmarks/vnnlib/cartpole_case_safe_53.vnnlib,1.255629602,unknown,1.577179217
rl_benchmarks,./benchmarks/rl_benchmarks/onnx/cartpole.onnx,./benchmarks/rl_benchmarks/vnnlib/cartpole_case_safe_54.vnnlib,1.259812515,unknown,1.637028995
rl_benchmarks,./benchmarks/rl_benchmarks/onnx/cartpole.onnx,./benchmarks/rl_benchmarks/vnnlib/cartpole_case_safe_55.vnnlib,1.290594729,unknown,1.588670241
rl_benchmarks,./benchmarks/rl_benchmarks/onnx/cartpole.onnx,./benchmarks/rl_benchmarks/vnnlib/cartpole_case_safe_56.vnnlib,1.209978934,unknown,1.580450157
rl_benchmarks,./benchmarks/rl_benchmarks/onnx/cartpole.onnx,./benchmarks/rl_benchmarks/vnnlib/cartpole_case_safe_57.vnnlib,1.306228424,unknown,1.602756970
rl_benchmarks,./benchmarks/rl_benchmarks/onnx/cartpole.onnx,./benchmarks/rl_benchmarks/vnnlib/cartpole_case_safe_58.vnnlib,1.260912818,unknown,1.588598452
rl_benchmarks,./benchmarks/rl_benchmarks/onnx/cartpole.onnx,./benchmarks/rl_benchmarks/vnnlib/cartpole_case_safe_59.vnnlib,1.258781600,unknown,1.576556351
rl_benchmarks,./benchmarks/rl_benchmarks/onnx/cartpole.onnx,./benchmarks/rl_benchmarks/vnnlib/cartpole_case_safe_60.vnnlib,1.257461567,unknown,1.599412195
rl_benchmarks,./benchmarks/rl_benchmarks/onnx/cartpole.onnx,./benchmarks/rl_benchmarks/vnnlib/cartpole_case_safe_61.vnnlib,1.200990111,unknown,1.575947651
rl_benchmarks,./benchmarks/rl_benchmarks/onnx/cartpole.onnx,./benchmarks/rl_benchmarks/vnnlib/cartpole_case_safe_62.vnnlib,1.261227669,unknown,1.580323482
rl_benchmarks,./benchmarks/rl_benchmarks/onnx/cartpole.onnx,./benchmarks/rl_benchmarks/vnnlib/cartpole_case_safe_63.vnnlib,1.290273546,unsat,1.568753882
rl_benchmarks,./benchmarks/rl_benchmarks/onnx/cartpole.onnx,./benchmarks/rl_benchmarks/vnnlib/cartpole_case_safe_64.vnnlib,1.257364265,unknown,1.580428616
rl_benchmarks,./benchmarks/rl_benchmarks/onnx/cartpole.onnx,./benchmarks/rl_benchmarks/vnnlib/cartpole_case_safe_65.vnnlib,1.261320953,unsat,1.592234724
rl_benchmarks,./benchmarks/rl_benchmarks/onnx/cartpole.onnx,./benchmarks/rl_benchmarks/vnnlib/cartpole_case_safe_66.vnnlib,1.255398546,unknown,1.569949323
rl_benchmarks,./benchmarks/rl_benchmarks/onnx/cartpole.onnx,./benchmarks/rl_benchmarks/vnnlib/cartpole_case_safe_67.vnnlib,1.285185831,unknown,1.568150047
rl_benchmarks,./benchmarks/rl_benchmarks/onnx/cartpole.onnx,./benchmarks/rl_benchmarks/vnnlib/cartpole_case_safe_68.vnnlib,1.260710875,unknown,1.590964826
rl_benchmarks,./benchmarks/rl_benchmarks/onnx/cartpole.onnx,./benchmarks/rl_benchmarks/vnnlib/cartpole_case_safe_69.vnnlib,1.256343278,unknown,1.577119764
rl_benchmarks,./benchmarks/rl_benchmarks/onnx/cartpole.onnx,./benchmarks/rl_benchmarks/vnnlib/cartpole_case_safe_70.vnnlib,1.305795997,unknown,1.628396383
rl_benchmarks,./benchmarks/rl_benchmarks/onnx/cartpole.onnx,./benchmarks/rl_benchmarks/vnnlib/cartpole_case_safe_71.vnnlib,1.257831701,unknown,1.567977091
rl_benchmarks,./benchmarks/rl_benchmarks/onnx/cartpole.onnx,./benchmarks/rl_benchmarks/vnnlib/cartpole_case_safe_72.vnnlib,1.263480964,unknown,1.572980883
rl_benchmarks,./benchmarks/rl_benchmarks/onnx/cartpole.onnx,./benchmarks/rl_benchmarks/vnnlib/cartpole_case_safe_73.vnnlib,1.256859097,unknown,1.573850927
rl_benchmarks,./benchmarks/rl_benchmarks/onnx/cartpole.onnx,./benchmarks/rl_benchmarks/vnnlib/cartpole_case_safe_74.vnnlib,1.260810357,unknown,1.570834938
rl_benchmarks,./benchmarks/rl_benchmarks/onnx/cartpole.onnx,./benchmarks/rl_benchmarks/vnnlib/cartpole_case_safe_75.vnnlib,1.258944033,unknown,1.581372043
rl_benchmarks,./benchmarks/rl_benchmarks/onnx/cartpole.onnx,./benchmarks/rl_benchmarks/vnnlib/cartpole_case_safe_76.vnnlib,1.302235473,unknown,1.567341666
rl_benchmarks,./benchmarks/rl_benchmarks/onnx/cartpole.onnx,./benchmarks/rl_benchmarks/vnnlib/cartpole_case_safe_77.vnnlib,1.256276806,unknown,1.642270184
rl_benchmarks,./benchmarks/rl_benchmarks/onnx/cartpole.onnx,./benchmarks/rl_benchmarks/vnnlib/cartpole_case_safe_78.vnnlib,1.255747884,unknown,1.580960253
rl_benchmarks,./benchmarks/rl_benchmarks/onnx/cartpole.onnx,./benchmarks/rl_benchmarks/vnnlib/cartpole_case_safe_79.vnnlib,1.256987015,unknown,1.557142420
rl_benchmarks,./benchmarks/rl_benchmarks/onnx/cartpole.onnx,./benchmarks/rl_benchmarks/vnnlib/cartpole_case_safe_80.vnnlib,1.258299736,unknown,1.582695619
rl_benchmarks,./benchmarks/rl_benchmarks/onnx/cartpole.onnx,./benchmarks/rl_benchmarks/vnnlib/cartpole_case_safe_81.vnnlib,1.287840732,unknown,1.587295596
rl_benchmarks,./benchmarks/rl_benchmarks/onnx/cartpole.onnx,./benchmarks/rl_benchmarks/vnnlib/cartpole_case_safe_82.vnnlib,1.257731412,unknown,1.586257960
rl_benchmarks,./benchmarks/rl_benchmarks/onnx/cartpole.onnx,./benchmarks/rl_benchmarks/vnnlib/cartpole_case_safe_83.vnnlib,1.243920275,unknown,1.626814712
rl_benchmarks,./benchmarks/rl_benchmarks/onnx/cartpole.onnx,./benchmarks/rl_benchmarks/vnnlib/cartpole_case_safe_84.vnnlib,1.272891915,unknown,1.604083160
rl_benchmarks,./benchmarks/rl_benchmarks/onnx/cartpole.onnx,./benchmarks/rl_benchmarks/vnnlib/cartpole_case_safe_85.vnnlib,1.260351681,unknown,1.589104851
rl_benchmarks,./benchmarks/rl_benchmarks/onnx/cartpole.onnx,./benchmarks/rl_benchmarks/vnnlib/cartpole_case_safe_86.vnnlib,1.238965496,unknown,1.568385722
rl_benchmarks,./benchmarks/rl_benchmarks/onnx/cartpole.onnx,./benchmarks/rl_benchmarks/vnnlib/cartpole_case_safe_87.vnnlib,1.258828756,unknown,1.610717360
rl_benchmarks,./benchmarks/rl_benchmarks/onnx/cartpole.onnx,./benchmarks/rl_benchmarks/vnnlib/cartpole_case_safe_88.vnnlib,1.265324761,unknown,1.607772025
rl_benchmarks,./benchmarks/rl_benchmarks/onnx/cartpole.onnx,./benchmarks/rl_benchmarks/vnnlib/cartpole_case_safe_89.vnnlib,1.260288570,unknown,1.587592793
rl_benchmarks,./benchmarks/rl_benchmarks/onnx/cartpole.onnx,./benchmarks/rl_benchmarks/vnnlib/cartpole_case_safe_90.vnnlib,1.264352145,unknown,1.588432999
rl_benchmarks,./benchmarks/rl_benchmarks/onnx/cartpole.onnx,./benchmarks/rl_benchmarks/vnnlib/cartpole_case_safe_91.vnnlib,1.255492043,unknown,1.563151367
rl_benchmarks,./benchmarks/rl_benchmarks/onnx/cartpole.onnx,./benchmarks/rl_benchmarks/vnnlib/cartpole_case_safe_92.vnnlib,1.262211754,unknown,1.572241478
rl_benchmarks,./benchmarks/rl_benchmarks/onnx/cartpole.onnx,./benchmarks/rl_benchmarks/vnnlib/cartpole_case_safe_93.vnnlib,1.266024978,unsat,1.591958931
rl_benchmarks,./benchmarks/rl_benchmarks/onnx/cartpole.onnx,./benchmarks/rl_benchmarks/vnnlib/cartpole_case_safe_94.vnnlib,1.256685762,unknown,1.576326824
rl_benchmarks,./benchmarks/rl_benchmarks/onnx/cartpole.onnx,./benchmarks/rl_benchmarks/vnnlib/cartpole_case_safe_95.vnnlib,1.256699745,unknown,1.604744074
rl_benchmarks,./benchmarks/rl_benchmarks/onnx/cartpole.onnx,./benchmarks/rl_benchmarks/vnnlib/cartpole_case_safe_96.vnnlib,1.261666278,unknown,1.604683712
rl_benchmarks,./benchmarks/rl_benchmarks/onnx/cartpole.onnx,./benchmarks/rl_benchmarks/vnnlib/cartpole_case_safe_97.vnnlib,1.290319918,unknown,1.572148994
rl_benchmarks,./benchmarks/rl_benchmarks/onnx/cartpole.onnx,./benchmarks/rl_benchmarks/vnnlib/cartpole_case_safe_98.vnnlib,1.207101832,unknown,1.621040957
rl_benchmarks,./benchmarks/rl_benchmarks/onnx/cartpole.onnx,./benchmarks/rl_benchmarks/vnnlib/cartpole_case_safe_99.vnnlib,1.256620487,sat,1.383799186
rl_benchmarks,./benchmarks/rl_benchmarks/onnx/lunarlander.onnx,./benchmarks/rl_benchmarks/vnnlib/lunarlander_case_safe_0.vnnlib,1.250818101,unknown,1.633542875
rl_benchmarks,./benchmarks/rl_benchmarks/onnx/lunarlander.onnx,./benchmarks/rl_benchmarks/vnnlib/lunarlander_case_safe_1.vnnlib,1.272455298,unknown,1.620814855
rl_benchmarks,./benchmarks/rl_benchmarks/onnx/lunarlander.onnx,./benchmarks/rl_benchmarks/vnnlib/lunarlander_case_safe_2.vnnlib,1.270799375,unknown,1.573405557
rl_benchmarks,./benchmarks/rl_benchmarks/onnx/lunarlander.onnx,./benchmarks/rl_benchmarks/vnnlib/lunarlander_case_unsafe_3.vnnlib,1.303042707,unknown,1.604688438
rl_benchmarks,./benchmarks/rl_benchmarks/onnx/lunarlander.onnx,./benchmarks/rl_benchmarks/vnnlib/lunarlander_case_unsafe_4.vnnlib,1.260699677,unknown,1.610386213
rl_benchmarks,./benchmarks/rl_benchmarks/onnx/lunarlander.onnx,./benchmarks/rl_benchmarks/vnnlib/lunarlander_case_safe_5.vnnlib,1.262813288,unknown,1.619839149
rl_benchmarks,./benchmarks/rl_benchmarks/onnx/lunarlander.onnx,./benchmarks/rl_benchmarks/vnnlib/lunarlander_case_safe_6.vnnlib,1.261242367,unknown,1.610673017
rl_benchmarks,./benchmarks/rl_benchmarks/onnx/lunarlander.onnx,./benchmarks/rl_benchmarks/vnnlib/lunarlander_case_safe_7.vnnlib,1.260003620,unknown,1.621527483
rl_benchmarks,./benchmarks/rl_benchmarks/onnx/lunarlander.onnx,./benchmarks/rl_benchmarks/vnnlib/lunarlander_case_safe_8.vnnlib,1.258254208,unknown,1.602723709
rl_benchmarks,./benchmarks/rl_benchmarks/onnx/lunarlander.onnx,./benchmarks/rl_benchmarks/vnnlib/lunarlander_case_safe_9.vnnlib,1.267165650,unknown,1.581085360
rl_benchmarks,./benchmarks/rl_benchmarks/onnx/lunarlander.onnx,./benchmarks/rl_benchmarks/vnnlib/lunarlander_case_safe_10.vnnlib,1.266431282,unknown,1.596643955
rl_benchmarks,./benchmarks/rl_benchmarks/onnx/lunarlander.onnx,./benchmarks/rl_benchmarks/vnnlib/lunarlander_case_safe_11.vnnlib,1.270061181,unknown,1.599683257
rl_benchmarks,./benchmarks/rl_benchmarks/onnx/lunarlander.onnx,./benchmarks/rl_benchmarks/vnnlib/lunarlander_case_safe_12.vnnlib,1.273751202,unknown,1.673423579
rl_benchmarks,./benchmarks/rl_benchmarks/onnx/lunarlander.onnx,./benchmarks/rl_benchmarks/vnnlib/lunarlander_case_safe_13.vnnlib,1.270273403,unknown,1.632032175
rl_benchmarks,./benchmarks/rl_benchmarks/onnx/lunarlander.onnx,./benchmarks/rl_benchmarks/vnnlib/lunarlander_case_safe_14.vnnlib,1.261046616,unknown,1.632831288
rl_benchmarks,./benchmarks/rl_benchmarks/onnx/lunarlander.onnx,./benchmarks/rl_benchmarks/vnnlib/lunarlander_case_safe_15.vnnlib,1.273411508,unknown,1.620520353
rl_benchmarks,./benchmarks/rl_benchmarks/onnx/lunarlander.onnx,./benchmarks/rl_benchmarks/vnnlib/lunarlander_case_unsafe_16.vnnlib,1.264578038,unknown,1.588710606
rl_benchmarks,./benchmarks/rl_benchmarks/onnx/lunarlander.onnx,./benchmarks/rl_benchmarks/vnnlib/lunarlander_case_safe_17.vnnlib,1.305886242,unknown,1.619574424
rl_benchmarks,./benchmarks/rl_benchmarks/onnx/lunarlander.onnx,./benchmarks/rl_benchmarks/vnnlib/lunarlander_case_safe_18.vnnlib,1.260623910,unknown,1.610741139
rl_benchmarks,./benchmarks/rl_benchmarks/onnx/lunarlander.onnx,./benchmarks/rl_benchmarks/vnnlib/lunarlander_case_safe_19.vnnlib,1.313921802,unknown,1.620083487
rl_benchmarks,./benchmarks/rl_benchmarks/onnx/lunarlander.onnx,./benchmarks/rl_benchmarks/vnnlib/lunarlander_case_unsafe_20.vnnlib,1.262453341,unknown,1.610261761
rl_benchmarks,./benchmarks/rl_benchmarks/onnx/lunarlander.onnx,./benchmarks/rl_benchmarks/vnnlib/lunarlander_case_safe_21.vnnlib,1.308247928,unknown,1.595358343
rl_benchmarks,./benchmarks/rl_benchmarks/onnx/lunarlander.onnx,./benchmarks/rl_benchmarks/vnnlib/lunarlander_case_safe_22.vnnlib,1.258355313,unknown,1.600993277
rl_benchmarks,./benchmarks/rl_benchmarks/onnx/lunarlander.onnx,./benchmarks/rl_benchmarks/vnnlib/lunarlander_case_safe_23.vnnlib,1.266609478,unknown,1.592442232
rl_benchmarks,./benchmarks/rl_benchmarks/onnx/lunarlander.onnx,./benchmarks/rl_benchmarks/vnnlib/lunarlander_case_safe_24.vnnlib,1.269033477,unknown,1.591472382
rl_benchmarks,./benchmarks/rl_benchmarks/onnx/lunarlander.onnx,./benchmarks/rl_benchmarks/vnnlib/lunarlander_case_safe_25.vnnlib,1.262268640,unknown,1.603770137
rl_benchmarks,./benchmarks/rl_benchmarks/onnx/lunarlander.onnx,./benchmarks/rl_benchmarks/vnnlib/lunarlander_case_safe_26.vnnlib,1.296997438,unknown,1.626997413
rl_benchmarks,./benchmarks/rl_benchmarks/onnx/lunarlander.onnx,./benchmarks/rl_benchmarks/vnnlib/lunarlander_case_safe_27.vnnlib,1.296292090,unknown,1.595876902
rl_benchmarks,./benchmarks/rl_benchmarks/onnx/lunarlander.onnx,./benchmarks/rl_benchmarks/vnnlib/lunarlander_case_unsafe_28.vnnlib,1.264199973,unknown,1.544695732
rl_benchmarks,./benchmarks/rl_benchmarks/onnx/lunarlander.onnx,./benchmarks/rl_benchmarks/vnnlib/lunarlander_case_safe_29.vnnlib,1.304846230,unknown,1.586512926
rl_benchmarks,./benchmarks/rl_benchmarks/onnx/lunarlander.onnx,./benchmarks/rl_benchmarks/vnnlib/lunarlander_case_safe_30.vnnlib,1.270280503,unknown,1.628325952
rl_benchmarks,./benchmarks/rl_benchmarks/onnx/lunarlander.onnx,./benchmarks/rl_benchmarks/vnnlib/lunarlander_case_safe_31.vnnlib,1.263785531,unknown,1.622717301
rl_benchmarks,./benchmarks/rl_benchmarks/onnx/lunarlander.onnx,./benchmarks/rl_benchmarks/vnnlib/lunarlander_case_safe_32.vnnlib,1.278659754,unknown,1.609131149
rl_benchmarks,./benchmarks/rl_benchmarks/onnx/lunarlander.onnx,./benchmarks/rl_benchmarks/vnnlib/lunarlander_case_safe_33.vnnlib,1.273405225,unknown,1.603059433
rl_benchmarks,./benchmarks/rl_benchmarks/onnx/lunarlander.onnx,./benchmarks/rl_benchmarks/vnnlib/lunarlander_case_safe_34.vnnlib,1.272052807,unknown,1.561470445
rl_benchmarks,./benchmarks/rl_benchmarks/onnx/lunarlander.onnx,./benchmarks/rl_benchmarks/vnnlib/lunarlander_case_unsafe_35.vnnlib,1.264402645,unknown,1.639564322
rl_benchmarks,./benchmarks/rl_benchmarks/onnx/lunarlander.onnx,./benchmarks/rl_benchmarks/vnnlib/lunarlander_case_safe_36.vnnlib,1.263845672,unknown,1.578724624
rl_benchmarks,./benchmarks/rl_benchmarks/onnx/lunarlander.onnx,./benchmarks/rl_benchmarks/vnnlib/lunarlander_case_safe_37.vnnlib,1.272514774,unknown,1.597695080
rl_benchmarks,./benchmarks/rl_benchmarks/onnx/lunarlander.onnx,./benchmarks/rl_benchmarks/vnnlib/lunarlander_case_safe_38.vnnlib,1.264571404,unknown,1.626360403
rl_benchmarks,./benchmarks/rl_benchmarks/onnx/lunarlander.onnx,./benchmarks/rl_benchmarks/vnnlib/lunarlander_case_safe_39.vnnlib,1.269656527,unknown,1.600411018
rl_benchmarks,./benchmarks/rl_benchmarks/onnx/lunarlander.onnx,./benchmarks/rl_benchmarks/vnnlib/lunarlander_case_safe_40.vnnlib,1.264409497,unknown,1.544212746
rl_benchmarks,./benchmarks/rl_benchmarks/onnx/lunarlander.onnx,./benchmarks/rl_benchmarks/vnnlib/lunarlander_case_safe_41.vnnlib,1.271566454,unknown,1.601349103
rl_benchmarks,./benchmarks/rl_benchmarks/onnx/lunarlander.onnx,./benchmarks/rl_benchmarks/vnnlib/lunarlander_case_safe_42.vnnlib,1.264026736,unknown,1.623018442
rl_benchmarks,./benchmarks/rl_benchmarks/onnx/lunarlander.onnx,./benchmarks/rl_benchmarks/vnnlib/lunarlander_case_safe_43.vnnlib,1.261016151,unknown,1.595612436
rl_benchmarks,./benchmarks/rl_benchmarks/onnx/lunarlander.onnx,./benchmarks/rl_benchmarks/vnnlib/lunarlander_case_safe_44.vnnlib,1.211960544,unknown,1.608653651
rl_benchmarks,./benchmarks/rl_benchmarks/onnx/lunarlander.onnx,./benchmarks/rl_benchmarks/vnnlib/lunarlander_case_unsafe_45.vnnlib,1.265153895,unknown,1.600050418
rl_benchmarks,./benchmarks/rl_benchmarks/onnx/lunarlander.onnx,./benchmarks/rl_benchmarks/vnnlib/lunarlander_case_safe_46.vnnlib,1.263706907,unknown,1.601082737
rl_benchmarks,./benchmarks/rl_benchmarks/onnx/lunarlander.onnx,./benchmarks/rl_benchmarks/vnnlib/lunarlander_case_safe_47.vnnlib,1.269840970,unknown,1.629932908
rl_benchmarks,./benchmarks/rl_benchmarks/onnx/lunarlander.onnx,./benchmarks/rl_benchmarks/vnnlib/lunarlander_case_safe_48.vnnlib,1.305997136,unknown,1.626090436
rl_benchmarks,./benchmarks/rl_benchmarks/onnx/lunarlander.onnx,./benchmarks/rl_benchmarks/vnnlib/lunarlander_case_safe_49.vnnlib,1.260659669,unknown,1.597602648
rl_benchmarks,./benchmarks/rl_benchmarks/onnx/lunarlander.onnx,./benchmarks/rl_benchmarks/vnnlib/lunarlander_case_safe_50.vnnlib,1.290110594,unknown,1.566504232
rl_benchmarks,./benchmarks/rl_benchmarks/onnx/lunarlander.onnx,./benchmarks/rl_benchmarks/vnnlib/lunarlander_case_unsafe_51.vnnlib,1.275912942,unknown,1.636988894
rl_benchmarks,./benchmarks/rl_benchmarks/onnx/lunarlander.onnx,./benchmarks/rl_benchmarks/vnnlib/lunarlander_case_safe_52.vnnlib,1.256226128,unknown,1.638408925
rl_benchmarks,./benchmarks/rl_benchmarks/onnx/lunarlander.onnx,./benchmarks/rl_benchmarks/vnnlib/lunarlander_case_safe_53.vnnlib,1.260935609,unknown,1.594939579
rl_benchmarks,./benchmarks/rl_benchmarks/onnx/lunarlander.onnx,./benchmarks/rl_benchmarks/vnnlib/lunarlander_case_unsafe_54.vnnlib,1.266908954,unknown,1.638963423
rl_benchmarks,./benchmarks/rl_benchmarks/onnx/lunarlander.onnx,./benchmarks/rl_benchmarks/vnnlib/lunarlander_case_safe_55.vnnlib,1.271284145,unknown,1.621013538
rl_benchmarks,./benchmarks/rl_benchmarks/onnx/lunarlander.onnx,./benchmarks/rl_benchmarks/vnnlib/lunarlander_case_safe_56.vnnlib,1.269078780,unknown,1.591993322
rl_benchmarks,./benchmarks/rl_benchmarks/onnx/lunarlander.onnx,./benchmarks/rl_benchmarks/vnnlib/lunarlander_case_safe_57.vnnlib,1.263769306,unknown,1.643271536
rl_benchmarks,./benchmarks/rl_benchmarks/onnx/lunarlander.onnx,./benchmarks/rl_benchmarks/vnnlib/lunarlander_case_safe_58.vnnlib,1.266889494,unknown,1.632353462
rl_benchmarks,./benchmarks/rl_benchmarks/onnx/lunarlander.onnx,./benchmarks/rl_benchmarks/vnnlib/lunarlander_case_safe_59.vnnlib,1.275638890,unknown,1.606547036
rl_benchmarks,./benchmarks/rl_benchmarks/onnx/lunarlander.onnx,./benchmarks/rl_benchmarks/vnnlib/lunarlander_case_safe_60.vnnlib,1.276555967,unknown,1.620904675
rl_benchmarks,./benchmarks/rl_benchmarks/onnx/lunarlander.onnx,./benchmarks/rl_benchmarks/vnnlib/lunarlander_case_unsafe_61.vnnlib,1.273016597,unknown,1.572078807
rl_benchmarks,./benchmarks/rl_benchmarks/onnx/lunarlander.onnx,./benchmarks/rl_benchmarks/vnnlib/lunarlander_case_safe_62.vnnlib,1.277253532,unknown,1.587388076
rl_benchmarks,./benchmarks/rl_benchmarks/onnx/lunarlander.onnx,./benchmarks/rl_benchmarks/vnnlib/lunarlander_case_safe_63.vnnlib,1.266580089,unknown,1.629602263
rl_benchmarks,./benchmarks/rl_benchmarks/onnx/lunarlander.onnx,./benchmarks/rl_benchmarks/vnnlib/lunarlander_case_unsafe_64.vnnlib,1.267571096,unknown,1.640911191
rl_benchmarks,./benchmarks/rl_benchmarks/onnx/lunarlander.onnx,./benchmarks/rl_benchmarks/vnnlib/lunarlander_case_unsafe_65.vnnlib,1.295096404,unknown,1.613241716
rl_benchmarks,./benchmarks/rl_benchmarks/onnx/lunarlander.onnx,./benchmarks/rl_benchmarks/vnnlib/lunarlander_case_safe_66.vnnlib,1.259811505,unknown,1.617781373
rl_benchmarks,./benchmarks/rl_benchmarks/onnx/lunarlander.onnx,./benchmarks/rl_benchmarks/vnnlib/lunarlander_case_unsafe_67.vnnlib,1.286963226,unknown,1.700684936
rl_benchmarks,./benchmarks/rl_benchmarks/onnx/lunarlander.onnx,./benchmarks/rl_benchmarks/vnnlib/lunarlander_case_safe_68.vnnlib,1.299371983,unknown,1.596770276
rl_benchmarks,./benchmarks/rl_benchmarks/onnx/lunarlander.onnx,./benchmarks/rl_benchmarks/vnnlib/lunarlander_case_unsafe_69.vnnlib,1.267190437,unknown,1.584814933
rl_benchmarks,./benchmarks/rl_benchmarks/onnx/lunarlander.onnx,./benchmarks/rl_benchmarks/vnnlib/lunarlander_case_unsafe_70.vnnlib,1.276671138,unknown,1.587088622
rl_benchmarks,./benchmarks/rl_benchmarks/onnx/lunarlander.onnx,./benchmarks/rl_benchmarks/vnnlib/lunarlander_case_safe_71.vnnlib,1.266728549,unknown,1.642362219
rl_benchmarks,./benchmarks/rl_benchmarks/onnx/lunarlander.onnx,./benchmarks/rl_benchmarks/vnnlib/lunarlander_case_unsafe_72.vnnlib,1.299239074,unknown,1.663048537
rl_benchmarks,./benchmarks/rl_benchmarks/onnx/lunarlander.onnx,./benchmarks/rl_benchmarks/vnnlib/lunarlander_case_unsafe_73.vnnlib,1.274625457,unknown,1.594369935
rl_benchmarks,./benchmarks/rl_benchmarks/onnx/lunarlander.onnx,./benchmarks/rl_benchmarks/vnnlib/lunarlander_case_safe_74.vnnlib,1.265567132,unknown,1.702508098
rl_benchmarks,./benchmarks/rl_benchmarks/onnx/lunarlander.onnx,./benchmarks/rl_benchmarks/vnnlib/lunarlander_case_unsafe_75.vnnlib,1.264448381,unknown,1.620482590
rl_benchmarks,./benchmarks/rl_benchmarks/onnx/lunarlander.onnx,./benchmarks/rl_benchmarks/vnnlib/lunarlander_case_unsafe_76.vnnlib,1.266645760,unknown,1.631386671
rl_benchmarks,./benchmarks/rl_benchmarks/onnx/lunarlander.onnx,./benchmarks/rl_benchmarks/vnnlib/lunarlander_case_safe_77.vnnlib,1.261548565,unknown,1.605785968
rl_benchmarks,./benchmarks/rl_benchmarks/onnx/lunarlander.onnx,./benchmarks/rl_benchmarks/vnnlib/lunarlander_case_unsafe_78.vnnlib,1.300940693,unknown,1.666460713
rl_benchmarks,./benchmarks/rl_benchmarks/onnx/lunarlander.onnx,./benchmarks/rl_benchmarks/vnnlib/lunarlander_case_safe_79.vnnlib,1.267107848,unknown,1.670671986
rl_benchmarks,./benchmarks/rl_benchmarks/onnx/lunarlander.onnx,./benchmarks/rl_benchmarks/vnnlib/lunarlander_case_safe_80.vnnlib,1.275011416,unknown,1.671341153
rl_benchmarks,./benchmarks/rl_benchmarks/onnx/lunarlander.onnx,./benchmarks/rl_benchmarks/vnnlib/lunarlander_case_safe_81.vnnlib,1.270207813,unknown,1.614503872
rl_benchmarks,./benchmarks/rl_benchmarks/onnx/lunarlander.onnx,./benchmarks/rl_benchmarks/vnnlib/lunarlander_case_unsafe_82.vnnlib,1.267004806,unknown,1.642724097
rl_benchmarks,./benchmarks/rl_benchmarks/onnx/lunarlander.onnx,./benchmarks/rl_benchmarks/vnnlib/lunarlander_case_safe_83.vnnlib,1.273769785,unknown,1.631920552
rl_benchmarks,./benchmarks/rl_benchmarks/onnx/lunarlander.onnx,./benchmarks/rl_benchmarks/vnnlib/lunarlander_case_unsafe_84.vnnlib,1.301812910,unknown,1.590710001
rl_benchmarks,./benchmarks/rl_benchmarks/onnx/lunarlander.onnx,./benchmarks/rl_benchmarks/vnnlib/lunarlander_case_unsafe_85.vnnlib,1.272909860,unknown,1.599340152
rl_benchmarks,./benchmarks/rl_benchmarks/onnx/lunarlander.onnx,./benchmarks/rl_benchmarks/vnnlib/lunarlander_case_safe_86.vnnlib,1.256688544,unknown,1.594235598
rl_benchmarks,./benchmarks/rl_benchmarks/onnx/lunarlander.onnx,./benchmarks/rl_benchmarks/vnnlib/lunarlander_case_safe_87.vnnlib,1.261497773,unknown,1.568625363
rl_benchmarks,./benchmarks/rl_benchmarks/onnx/lunarlander.onnx,./benchmarks/rl_benchmarks/vnnlib/lunarlander_case_safe_88.vnnlib,1.261488822,unknown,1.604178196
rl_benchmarks,./benchmarks/rl_benchmarks/onnx/lunarlander.onnx,./benchmarks/rl_benchmarks/vnnlib/lunarlander_case_safe_89.vnnlib,1.258294228,unknown,1.630631527
rl_benchmarks,./benchmarks/rl_benchmarks/onnx/lunarlander.onnx,./benchmarks/rl_benchmarks/vnnlib/lunarlander_case_unsafe_90.vnnlib,1.303032753,unknown,1.674122551
rl_benchmarks,./benchmarks/rl_benchmarks/onnx/lunarlander.onnx,./benchmarks/rl_benchmarks/vnnlib/lunarlander_case_unsafe_91.vnnlib,1.264380771,unknown,1.637853334
rl_benchmarks,./benchmarks/rl_benchmarks/onnx/lunarlander.onnx,./benchmarks/rl_benchmarks/vnnlib/lunarlander_case_unsafe_92.vnnlib,1.264951961,unknown,1.657984354
rl_benchmarks,./benchmarks/rl_benchmarks/onnx/lunarlander.onnx,./benchmarks/rl_benchmarks/vnnlib/lunarlander_case_unsafe_93.vnnlib,1.257100868,unknown,1.594246420
rl_benchmarks,./benchmarks/rl_benchmarks/onnx/lunarlander.onnx,./benchmarks/rl_benchmarks/vnnlib/lunarlander_case_unsafe_94.vnnlib,1.275170438,unknown,1.628547305
rl_benchmarks,./benchmarks/rl_benchmarks/onnx/lunarlander.onnx,./benchmarks/rl_benchmarks/vnnlib/lunarlander_case_unsafe_95.vnnlib,1.306096428,unknown,1.588410491
rl_benchmarks,./benchmarks/rl_benchmarks/onnx/lunarlander.onnx,./benchmarks/rl_benchmarks/vnnlib/lunarlander_case_unsafe_96.vnnlib,1.264555974,unknown,1.597736441
rl_benchmarks,./benchmarks/rl_benchmarks/onnx/lunarlander.onnx,./benchmarks/rl_benchmarks/vnnlib/lunarlander_case_unsafe_97.vnnlib,1.295093717,unknown,1.599712278
rl_benchmarks,./benchmarks/rl_benchmarks/onnx/lunarlander.onnx,./benchmarks/rl_benchmarks/vnnlib/lunarlander_case_unsafe_98.vnnlib,1.258283851,unknown,1.628425382
rl_benchmarks,./benchmarks/rl_benchmarks/onnx/lunarlander.onnx,./benchmarks/rl_benchmarks/vnnlib/lunarlander_case_unsafe_99.vnnlib,1.300191037,sat,1.338947447
rl_benchmarks,./benchmarks/rl_benchmarks/onnx/dubinsrejoin.onnx,./benchmarks/rl_benchmarks/vnnlib/dubinsrejoin_case_safe_0.vnnlib,1.259828000,unknown,1.719014485
rl_benchmarks,./benchmarks/rl_benchmarks/onnx/dubinsrejoin.onnx,./benchmarks/rl_benchmarks/vnnlib/dubinsrejoin_case_safe_1.vnnlib,1.277412256,unknown,1.741733836
rl_benchmarks,./benchmarks/rl_benchmarks/onnx/dubinsrejoin.onnx,./benchmarks/rl_benchmarks/vnnlib/dubinsrejoin_case_unsafe_2.vnnlib,1.273046314,unknown,1.737814784
rl_benchmarks,./benchmarks/rl_benchmarks/onnx/dubinsrejoin.onnx,./benchmarks/rl_benchmarks/vnnlib/dubinsrejoin_case_safe_3.vnnlib,1.273279172,unknown,1.743463427
rl_benchmarks,./benchmarks/rl_benchmarks/onnx/dubinsrejoin.onnx,./benchmarks/rl_benchmarks/vnnlib/dubinsrejoin_case_unsafe_4.vnnlib,1.268137028,unknown,1.761196937
rl_benchmarks,./benchmarks/rl_benchmarks/onnx/dubinsrejoin.onnx,./benchmarks/rl_benchmarks/vnnlib/dubinsrejoin_case_unsafe_5.vnnlib,1.271992895,unknown,1.743151982
rl_benchmarks,./benchmarks/rl_benchmarks/onnx/dubinsrejoin.onnx,./benchmarks/rl_benchmarks/vnnlib/dubinsrejoin_case_safe_6.vnnlib,1.270297087,unknown,1.726935918
rl_benchmarks,./benchmarks/rl_benchmarks/onnx/dubinsrejoin.onnx,./benchmarks/rl_benchmarks/vnnlib/dubinsrejoin_case_unsafe_7.vnnlib,1.309683795,unknown,1.707593833
rl_benchmarks,./benchmarks/rl_benchmarks/onnx/dubinsrejoin.onnx,./benchmarks/rl_benchmarks/vnnlib/dubinsrejoin_case_unsafe_8.vnnlib,1.281445564,unknown,1.732000350
rl_benchmarks,./benchmarks/rl_benchmarks/onnx/dubinsrejoin.onnx,./benchmarks/rl_benchmarks/vnnlib/dubinsrejoin_case_unsafe_9.vnnlib,1.293156449,unknown,1.740688864
rl_benchmarks,./benchmarks/rl_benchmarks/onnx/dubinsrejoin.onnx,./benchmarks/rl_benchmarks/vnnlib/dubinsrejoin_case_safe_10.vnnlib,1.330686306,unsat,2.824988848
rl_benchmarks,./benchmarks/rl_benchmarks/onnx/dubinsrejoin.onnx,./benchmarks/rl_benchmarks/vnnlib/dubinsrejoin_case_unsafe_11.vnnlib,1.272490425,unknown,1.743550987
rl_benchmarks,./benchmarks/rl_benchmarks/onnx/dubinsrejoin.onnx,./benchmarks/rl_benchmarks/vnnlib/dubinsrejoin_case_safe_12.vnnlib,1.270938903,unknown,1.727057316
rl_benchmarks,./benchmarks/rl_benchmarks/onnx/dubinsrejoin.onnx,./benchmarks/rl_benchmarks/vnnlib/dubinsrejoin_case_safe_13.vnnlib,1.284434586,unsat,2.708649733
rl_benchmarks,./benchmarks/rl_benchmarks/onnx/dubinsrejoin.onnx,./benchmarks/rl_benchmarks/vnnlib/dubinsrejoin_case_safe_14.vnnlib,1.274857950,unknown,1.737291250
rl_benchmarks,./benchmarks/rl_benchmarks/onnx/dubinsrejoin.onnx,./benchmarks/rl_benchmarks/vnnlib/dubinsrejoin_case_safe_15.vnnlib,1.323374057,unsat,2.606369552
rl_benchmarks,./benchmarks/rl_benchmarks/onnx/dubinsrejoin.onnx,./benchmarks/rl_benchmarks/vnnlib/dubinsrejoin_case_safe_16.vnnlib,1.323867263,unsat,2.818557463
rl_benchmarks,./benchmarks/rl_benchmarks/onnx/dubinsrejoin.onnx,./benchmarks/rl_benchmarks/vnnlib/dubinsrejoin_case_safe_17.vnnlib,1.328479164,unsat,2.774439956
rl_benchmarks,./benchmarks/rl_benchmarks/onnx/dubinsrejoin.onnx,./benchmarks/rl_benchmarks/vnnlib/dubinsrejoin_case_unsafe_18.vnnlib,1.276934193,unknown,1.752478086
rl_benchmarks,./benchmarks/rl_benchmarks/onnx/dubinsrejoin.onnx,./benchmarks/rl_benchmarks/vnnlib/dubinsrejoin_case_unsafe_19.vnnlib,1.276825478,unknown,1.851687216
rl_benchmarks,./benchmarks/rl_benchmarks/onnx/dubinsrejoin.onnx,./benchmarks/rl_benchmarks/vnnlib/dubinsrejoin_case_unsafe_20.vnnlib,1.272782673,unknown,1.744367044
rl_benchmarks,./benchmarks/rl_benchmarks/onnx/dubinsrejoin.onnx,./benchmarks/rl_benchmarks/vnnlib/dubinsrejoin_case_unsafe_21.vnnlib,1.275447832,unknown,1.742362407
rl_benchmarks,./benchmarks/rl_benchmarks/onnx/dubinsrejoin.onnx,./benchmarks/rl_benchmarks/vnnlib/dubinsrejoin_case_unsafe_22.vnnlib,1.274663602,unknown,1.782162165
rl_benchmarks,./benchmarks/rl_benchmarks/onnx/dubinsrejoin.onnx,./benchmarks/rl_benchmarks/vnnlib/dubinsrejoin_case_unsafe_23.vnnlib,1.249782966,unknown,1.724553095
rl_benchmarks,./benchmarks/rl_benchmarks/onnx/dubinsrejoin.onnx,./benchmarks/rl_benchmarks/vnnlib/dubinsrejoin_case_unsafe_24.vnnlib,1.309421883,unknown,1.738908159
rl_benchmarks,./benchmarks/rl_benchmarks/onnx/dubinsrejoin.onnx,./benchmarks/rl_benchmarks/vnnlib/dubinsrejoin_case_unsafe_25.vnnlib,1.275711615,unknown,1.750817620
rl_benchmarks,./benchmarks/rl_benchmarks/onnx/dubinsrejoin.onnx,./benchmarks/rl_benchmarks/vnnlib/dubinsrejoin_case_unsafe_26.vnnlib,1.279927849,unknown,1.784564219
rl_benchmarks,./benchmarks/rl_benchmarks/onnx/dubinsrejoin.onnx,./benchmarks/rl_benchmarks/vnnlib/dubinsrejoin_case_unsafe_27.vnnlib,1.269242022,unknown,1.759525108
rl_benchmarks,./benchmarks/rl_benchmarks/onnx/dubinsrejoin.onnx,./benchmarks/rl_benchmarks/vnnlib/dubinsrejoin_case_unsafe_28.vnnlib,1.323098504,unknown,1.729250605
rl_benchmarks,./benchmarks/rl_benchmarks/onnx/dubinsrejoin.onnx,./benchmarks/rl_benchmarks/vnnlib/dubinsrejoin_case_unsafe_29.vnnlib,1.273911595,unknown,1.754702381
rl_benchmarks,./benchmarks/rl_benchmarks/onnx/dubinsrejoin.onnx,./benchmarks/rl_benchmarks/vnnlib/dubinsrejoin_case_unsafe_30.vnnlib,1.271849034,unknown,1.762152910
rl_benchmarks,./benchmarks/rl_benchmarks/onnx/dubinsrejoin.onnx,./benchmarks/rl_benchmarks/vnnlib/dubinsrejoin_case_unsafe_31.vnnlib,1.261720078,unknown,1.749296091
rl_benchmarks,./benchmarks/rl_benchmarks/onnx/dubinsrejoin.onnx,./benchmarks/rl_benchmarks/vnnlib/dubinsrejoin_case_unsafe_32.vnnlib,1.269808815,unknown,1.665240489
rl_benchmarks,./benchmarks/rl_benchmarks/onnx/dubinsrejoin.onnx,./benchmarks/rl_benchmarks/vnnlib/dubinsrejoin_case_unsafe_33.vnnlib,1.275795160,unknown,1.776045790
rl_benchmarks,./benchmarks/rl_benchmarks/onnx/dubinsrejoin.onnx,./benchmarks/rl_benchmarks/vnnlib/dubinsrejoin_case_unsafe_34.vnnlib,1.313541835,unknown,1.743284157
rl_benchmarks,./benchmarks/rl_benchmarks/onnx/dubinsrejoin.onnx,./benchmarks/rl_benchmarks/vnnlib/dubinsrejoin_case_unsafe_35.vnnlib,1.274513350,unknown,1.754517079
rl_benchmarks,./benchmarks/rl_benchmarks/onnx/dubinsrejoin.onnx,./benchmarks/rl_benchmarks/vnnlib/dubinsrejoin_case_unsafe_36.vnnlib,1.262353147,unknown,1.791973928
rl_benchmarks,./benchmarks/rl_benchmarks/onnx/dubinsrejoin.onnx,./benchmarks/rl_benchmarks/vnnlib/dubinsrejoin_case_unsafe_37.vnnlib,1.274205637,unknown,1.744159291
rl_benchmarks,./benchmarks/rl_benchmarks/onnx/dubinsrejoin.onnx,./benchmarks/rl_benchmarks/vnnlib/dubinsrejoin_case_unsafe_38.vnnlib,1.268372978,unknown,1.741061387
rl_benchmarks,./benchmarks/rl_benchmarks/onnx/dubinsrejoin.onnx,./benchmarks/rl_benchmarks/vnnlib/dubinsrejoin_case_unsafe_39.vnnlib,1.283350657,unknown,1.764981593
rl_benchmarks,./benchmarks/rl_benchmarks/onnx/dubinsrejoin.onnx,./benchmarks/rl_benchmarks/vnnlib/dubinsrejoin_case_unsafe_40.vnnlib,1.287148254,unknown,1.759316394
rl_benchmarks,./benchmarks/rl_benchmarks/onnx/dubinsrejoin.onnx,./benchmarks/rl_benchmarks/vnnlib/dubinsrejoin_case_unsafe_41.vnnlib,1.272940671,unknown,1.745915205
rl_benchmarks,./benchmarks/rl_benchmarks/onnx/dubinsrejoin.onnx,./benchmarks/rl_benchmarks/vnnlib/dubinsrejoin_case_unsafe_42.vnnlib,1.220373484,unknown,1.756126265
rl_benchmarks,./benchmarks/rl_benchmarks/onnx/dubinsrejoin.onnx,./benchmarks/rl_benchmarks/vnnlib/dubinsrejoin_case_unsafe_43.vnnlib,1.270838841,unknown,1.767730065
rl_benchmarks,./benchmarks/rl_benchmarks/onnx/dubinsrejoin.onnx,./benchmarks/rl_benchmarks/vnnlib/dubinsrejoin_case_unsafe_44.vnnlib,1.278854543,unknown,1.740126385
rl_benchmarks,./benchmarks/rl_benchmarks/onnx/dubinsrejoin.onnx,./benchmarks/rl_benchmarks/vnnlib/dubinsrejoin_case_unsafe_45.vnnlib,1.308385219,unknown,1.728164270
rl_benchmarks,./benchmarks/rl_benchmarks/onnx/dubinsrejoin.onnx,./benchmarks/rl_benchmarks/vnnlib/dubinsrejoin_case_unsafe_46.vnnlib,1.269908527,unknown,1.713610501
rl_benchmarks,./benchmarks/rl_benchmarks/onnx/dubinsrejoin.onnx,./benchmarks/rl_benchmarks/vnnlib/dubinsrejoin_case_unsafe_47.vnnlib,1.272021601,unknown,1.744386423
rl_benchmarks,./benchmarks/rl_benchmarks/onnx/dubinsrejoin.onnx,./benchmarks/rl_benchmarks/vnnlib/dubinsrejoin_case_unsafe_48.vnnlib,1.283824483,unknown,1.774426829
rl_benchmarks,./benchmarks/rl_benchmarks/onnx/dubinsrejoin.onnx,./benchmarks/rl_benchmarks/vnnlib/dubinsrejoin_case_unsafe_49.vnnlib,1.284788748,unknown,1.767433552
rl_benchmarks,./benchmarks/rl_benchmarks/onnx/dubinsrejoin.onnx,./benchmarks/rl_benchmarks/vnnlib/dubinsrejoin_case_unsafe_50.vnnlib,1.304532457,unknown,1.789502950
rl_benchmarks,./benchmarks/rl_benchmarks/onnx/dubinsrejoin.onnx,./benchmarks/rl_benchmarks/vnnlib/dubinsrejoin_case_unsafe_51.vnnlib,1.277160856,unknown,1.737900000
rl_benchmarks,./benchmarks/rl_benchmarks/onnx/dubinsrejoin.onnx,./benchmarks/rl_benchmarks/vnnlib/dubinsrejoin_case_unsafe_52.vnnlib,1.280382759,unknown,1.737817596
rl_benchmarks,./benchmarks/rl_benchmarks/onnx/dubinsrejoin.onnx,./benchmarks/rl_benchmarks/vnnlib/dubinsrejoin_case_unsafe_53.vnnlib,1.272506848,unknown,1.708716006
rl_benchmarks,./benchmarks/rl_benchmarks/onnx/dubinsrejoin.onnx,./benchmarks/rl_benchmarks/vnnlib/dubinsrejoin_case_unsafe_54.vnnlib,1.265510148,unknown,1.731766583
rl_benchmarks,./benchmarks/rl_benchmarks/onnx/dubinsrejoin.onnx,./benchmarks/rl_benchmarks/vnnlib/dubinsrejoin_case_unsafe_55.vnnlib,1.274258336,sat,1.371636232
rl_benchmarks,./benchmarks/rl_benchmarks/onnx/dubinsrejoin.onnx,./benchmarks/rl_benchmarks/vnnlib/dubinsrejoin_case_unsafe_56.vnnlib,1.296005434,unknown,1.759698638
rl_benchmarks,./benchmarks/rl_benchmarks/onnx/dubinsrejoin.onnx,./benchmarks/rl_benchmarks/vnnlib/dubinsrejoin_case_unsafe_57.vnnlib,1.274789444,unknown,1.754786467
rl_benchmarks,./benchmarks/rl_benchmarks/onnx/dubinsrejoin.onnx,./benchmarks/rl_benchmarks/vnnlib/dubinsrejoin_case_unsafe_58.vnnlib,1.234310735,unknown,1.733581480
rl_benchmarks,./benchmarks/rl_benchmarks/onnx/dubinsrejoin.onnx,./benchmarks/rl_benchmarks/vnnlib/dubinsrejoin_case_unsafe_59.vnnlib,1.275111974,sat,1.375334646
rl_benchmarks,./benchmarks/rl_benchmarks/onnx/dubinsrejoin.onnx,./benchmarks/rl_benchmarks/vnnlib/dubinsrejoin_case_unsafe_60.vnnlib,1.294892587,unknown,1.739697702
rl_benchmarks,./benchmarks/rl_benchmarks/onnx/dubinsrejoin.onnx,./benchmarks/rl_benchmarks/vnnlib/dubinsrejoin_case_unsafe_61.vnnlib,1.274036232,sat,1.309725109
rl_benchmarks,./benchmarks/rl_benchmarks/onnx/dubinsrejoin.onnx,./benchmarks/rl_benchmarks/vnnlib/dubinsrejoin_case_unsafe_62.vnnlib,1.219270558,unknown,1.771034468
rl_benchmarks,./benchmarks/rl_benchmarks/onnx/dubinsrejoin.onnx,./benchmarks/rl_benchmarks/vnnlib/dubinsrejoin_case_unsafe_63.vnnlib,1.268345826,unknown,1.758913299
rl_benchmarks,./benchmarks/rl_benchmarks/onnx/dubinsrejoin.onnx,./benchmarks/rl_benchmarks/vnnlib/dubinsrejoin_case_unsafe_64.vnnlib,1.272585803,unknown,1.708072191
rl_benchmarks,./benchmarks/rl_benchmarks/onnx/dubinsrejoin.onnx,./benchmarks/rl_benchmarks/vnnlib/dubinsrejoin_case_unsafe_65.vnnlib,1.222760460,unknown,1.741969583
rl_benchmarks,./benchmarks/rl_benchmarks/onnx/dubinsrejoin.onnx,./benchmarks/rl_benchmarks/vnnlib/dubinsrejoin_case_unsafe_66.vnnlib,1.276752836,sat,1.360204730
rl_benchmarks,./benchmarks/rl_benchmarks/onnx/dubinsrejoin.onnx,./benchmarks/rl_benchmarks/vnnlib/dubinsrejoin_case_unsafe_67.vnnlib,1.285889094,sat,1.360931013
rl_benchmarks,./benchmarks/rl_benchmarks/onnx/dubinsrejoin.onnx,./benchmarks/rl_benchmarks/vnnlib/dubinsrejoin_case_unsafe_68.vnnlib,1.248663938,sat,1.367100393
rl_benchmarks,./benchmarks/rl_benchmarks/onnx/dubinsrejoin.onnx,./benchmarks/rl_benchmarks/vnnlib/dubinsrejoin_case_unsafe_69.vnnlib,1.282933893,sat,1.356186114
rl_benchmarks,./benchmarks/rl_benchmarks/onnx/dubinsrejoin.onnx,./benchmarks/rl_benchmarks/vnnlib/dubinsrejoin_case_unsafe_70.vnnlib,1.296470043,unknown,1.699688997
rl_benchmarks,./benchmarks/rl_benchmarks/onnx/dubinsrejoin.onnx,./benchmarks/rl_benchmarks/vnnlib/dubinsrejoin_case_unsafe_71.vnnlib,1.315775390,sat,1.369334681
rl_benchmarks,./benchmarks/rl_benchmarks/onnx/dubinsrejoin.onnx,./benchmarks/rl_benchmarks/vnnlib/dubinsrejoin_case_unsafe_72.vnnlib,1.261131228,unknown,1.782896136
rl_benchmarks,./benchmarks/rl_benchmarks/onnx/dubinsrejoin.onnx,./benchmarks/rl_benchmarks/vnnlib/dubinsrejoin_case_unsafe_73.vnnlib,1.268783543,sat,1.401873014
rl_benchmarks,./benchmarks/rl_benchmarks/onnx/dubinsrejoin.onnx,./benchmarks/rl_benchmarks/vnnlib/dubinsrejoin_case_unsafe_74.vnnlib,1.250653339,unknown,1.744871692
rl_benchmarks,./benchmarks/rl_benchmarks/onnx/dubinsrejoin.onnx,./benchmarks/rl_benchmarks/vnnlib/dubinsrejoin_case_unsafe_75.vnnlib,1.273517881,sat,1.361970355
rl_benchmarks,./benchmarks/rl_benchmarks/onnx/dubinsrejoin.onnx,./benchmarks/rl_benchmarks/vnnlib/dubinsrejoin_case_unsafe_76.vnnlib,1.246852514,unknown,1.743442374
rl_benchmarks,./benchmarks/rl_benchmarks/onnx/dubinsrejoin.onnx,./benchmarks/rl_benchmarks/vnnlib/dubinsrejoin_case_unsafe_77.vnnlib,1.317142426,unknown,1.742071632
rl_benchmarks,./benchmarks/rl_benchmarks/onnx/dubinsrejoin.onnx,./benchmarks/rl_benchmarks/vnnlib/dubinsrejoin_case_unsafe_78.vnnlib,1.269475877,sat,1.358703385
rl_benchmarks,./benchmarks/rl_benchmarks/onnx/dubinsrejoin.onnx,./benchmarks/rl_benchmarks/vnnlib/dubinsrejoin_case_unsafe_79.vnnlib,1.263051226,sat,1.393026405
rl_benchmarks,./benchmarks/rl_benchmarks/onnx/dubinsrejoin.onnx,./benchmarks/rl_benchmarks/vnnlib/dubinsrejoin_case_unsafe_80.vnnlib,1.286334330,sat,1.342371584
rl_benchmarks,./benchmarks/rl_benchmarks/onnx/dubinsrejoin.onnx,./benchmarks/rl_benchmarks/vnnlib/dubinsrejoin_case_unsafe_81.vnnlib,1.271500641,unknown,1.725767543
rl_benchmarks,./benchmarks/rl_benchmarks/onnx/dubinsrejoin.onnx,./benchmarks/rl_benchmarks/vnnlib/dubinsrejoin_case_unsafe_82.vnnlib,1.271232035,sat,1.318981703
rl_benchmarks,./benchmarks/rl_benchmarks/onnx/dubinsrejoin.onnx,./benchmarks/rl_benchmarks/vnnlib/dubinsrejoin_case_unsafe_83.vnnlib,1.252003767,unknown,1.742459460
rl_benchmarks,./benchmarks/rl_benchmarks/onnx/dubinsrejoin.onnx,./benchmarks/rl_benchmarks/vnnlib/dubinsrejoin_case_unsafe_84.vnnlib,1.300359837,sat,1.368664152
rl_benchmarks,./benchmarks/rl_benchmarks/onnx/dubinsrejoin.onnx,./benchmarks/rl_benchmarks/vnnlib/dubinsrejoin_case_unsafe_85.vnnlib,1.255768806,unknown,1.731455114
rl_benchmarks,./benchmarks/rl_benchmarks/onnx/dubinsrejoin.onnx,./benchmarks/rl_benchmarks/vnnlib/dubinsrejoin_case_unsafe_86.vnnlib,1.285540497,unknown,1.734018498
rl_benchmarks,./benchmarks/rl_benchmarks/onnx/dubinsrejoin.onnx,./benchmarks/rl_benchmarks/vnnlib/dubinsrejoin_case_unsafe_87.vnnlib,1.287247362,sat,1.364739537
rl_benchmarks,./benchmarks/rl_benchmarks/onnx/dubinsrejoin.onnx,./benchmarks/rl_benchmarks/vnnlib/dubinsrejoin_case_unsafe_88.vnnlib,1.251833467,sat,1.314770589
rl_benchmarks,./benchmarks/rl_benchmarks/onnx/dubinsrejoin.onnx,./benchmarks/rl_benchmarks/vnnlib/dubinsrejoin_case_unsafe_89.vnnlib,1.225398333,sat,1.407690742
rl_benchmarks,./benchmarks/rl_benchmarks/onnx/dubinsrejoin.onnx,./benchmarks/rl_benchmarks/vnnlib/dubinsrejoin_case_unsafe_90.vnnlib,1.282869235,unknown,1.775702478
rl_benchmarks,./benchmarks/rl_benchmarks/onnx/dubinsrejoin.onnx,./benchmarks/rl_benchmarks/vnnlib/dubinsrejoin_case_unsafe_91.vnnlib,1.269440757,unknown,1.736415834
rl_benchmarks,./benchmarks/rl_benchmarks/onnx/dubinsrejoin.onnx,./benchmarks/rl_benchmarks/vnnlib/dubinsrejoin_case_unsafe_92.vnnlib,1.306401506,unknown,1.772313430
rl_benchmarks,./benchmarks/rl_benchmarks/onnx/dubinsrejoin.onnx,./benchmarks/rl_benchmarks/vnnlib/dubinsrejoin_case_unsafe_93.vnnlib,1.269680423,sat,1.379584237
rl_benchmarks,./benchmarks/rl_benchmarks/onnx/dubinsrejoin.onnx,./benchmarks/rl_benchmarks/vnnlib/dubinsrejoin_case_unsafe_94.vnnlib,1.248386829,sat,1.300857116
rl_benchmarks,./benchmarks/rl_benchmarks/onnx/dubinsrejoin.onnx,./benchmarks/rl_benchmarks/vnnlib/dubinsrejoin_case_unsafe_95.vnnlib,1.303678204,sat,1.307943536
rl_benchmarks,./benchmarks/test/test_nano.onnx,./benchmarks/test/test_nano.vnnlib,1.208697616,unknown,1.413306789
