acasxu,./benchmarks/acasxu/onnx/ACASXU_run2a_1_1_batch_2000.onnx,./benchmarks/acasxu/vnnlib/prop_1.vnnlib,.008584418,prepare_instance_error_1,-1
acasxu,./benchmarks/acasxu/onnx/ACASXU_run2a_1_2_batch_2000.onnx,./benchmarks/acasxu/vnnlib/prop_1.vnnlib,.006140451,prepare_instance_error_1,-1
acasxu,./benchmarks/acasxu/onnx/ACASXU_run2a_1_3_batch_2000.onnx,./benchmarks/acasxu/vnnlib/prop_1.vnnlib,.006373499,prepare_instance_error_1,-1
acasxu,./benchmarks/acasxu/onnx/ACASXU_run2a_1_4_batch_2000.onnx,./benchmarks/acasxu/vnnlib/prop_1.vnnlib,.006185529,prepare_instance_error_1,-1
acasxu,./benchmarks/acasxu/onnx/ACASXU_run2a_1_5_batch_2000.onnx,./benchmarks/acasxu/vnnlib/prop_1.vnnlib,.006163175,prepare_instance_error_1,-1
acasxu,./benchmarks/acasxu/onnx/ACASXU_run2a_1_6_batch_2000.onnx,./benchmarks/acasxu/vnnlib/prop_1.vnnlib,.006293367,prepare_instance_error_1,-1
acasxu,./benchmarks/acasxu/onnx/ACASXU_run2a_1_7_batch_2000.onnx,./benchmarks/acasxu/vnnlib/prop_1.vnnlib,.006114023,prepare_instance_error_1,-1
acasxu,./benchmarks/acasxu/onnx/ACASXU_run2a_1_8_batch_2000.onnx,./benchmarks/acasxu/vnnlib/prop_1.vnnlib,.006175372,prepare_instance_error_1,-1
acasxu,./benchmarks/acasxu/onnx/ACASXU_run2a_1_9_batch_2000.onnx,./benchmarks/acasxu/vnnlib/prop_1.vnnlib,.006243053,prepare_instance_error_1,-1
acasxu,./benchmarks/acasxu/onnx/ACASXU_run2a_2_1_batch_2000.onnx,./benchmarks/acasxu/vnnlib/prop_1.vnnlib,.006228013,prepare_instance_error_1,-1
acasxu,./benchmarks/acasxu/onnx/ACASXU_run2a_2_2_batch_2000.onnx,./benchmarks/acasxu/vnnlib/prop_1.vnnlib,.006038741,prepare_instance_error_1,-1
acasxu,./benchmarks/acasxu/onnx/ACASXU_run2a_2_3_batch_2000.onnx,./benchmarks/acasxu/vnnlib/prop_1.vnnlib,.006273255,prepare_instance_error_1,-1
acasxu,./benchmarks/acasxu/onnx/ACASXU_run2a_2_4_batch_2000.onnx,./benchmarks/acasxu/vnnlib/prop_1.vnnlib,.006241801,prepare_instance_error_1,-1
acasxu,./benchmarks/acasxu/onnx/ACASXU_run2a_2_5_batch_2000.onnx,./benchmarks/acasxu/vnnlib/prop_1.vnnlib,.006298073,prepare_instance_error_1,-1
acasxu,./benchmarks/acasxu/onnx/ACASXU_run2a_2_6_batch_2000.onnx,./benchmarks/acasxu/vnnlib/prop_1.vnnlib,.006066379,prepare_instance_error_1,-1
acasxu,./benchmarks/acasxu/onnx/ACASXU_run2a_2_7_batch_2000.onnx,./benchmarks/acasxu/vnnlib/prop_1.vnnlib,.006205600,prepare_instance_error_1,-1
acasxu,./benchmarks/acasxu/onnx/ACASXU_run2a_2_8_batch_2000.onnx,./benchmarks/acasxu/vnnlib/prop_1.vnnlib,.006218222,prepare_instance_error_1,-1
acasxu,./benchmarks/acasxu/onnx/ACASXU_run2a_2_9_batch_2000.onnx,./benchmarks/acasxu/vnnlib/prop_1.vnnlib,.006063364,prepare_instance_error_1,-1
acasxu,./benchmarks/acasxu/onnx/ACASXU_run2a_3_1_batch_2000.onnx,./benchmarks/acasxu/vnnlib/prop_1.vnnlib,.006251141,prepare_instance_error_1,-1
acasxu,./benchmarks/acasxu/onnx/ACASXU_run2a_3_2_batch_2000.onnx,./benchmarks/acasxu/vnnlib/prop_1.vnnlib,.006056033,prepare_instance_error_1,-1
acasxu,./benchmarks/acasxu/onnx/ACASXU_run2a_3_3_batch_2000.onnx,./benchmarks/acasxu/vnnlib/prop_1.vnnlib,.006347164,prepare_instance_error_1,-1
acasxu,./benchmarks/acasxu/onnx/ACASXU_run2a_3_4_batch_2000.onnx,./benchmarks/acasxu/vnnlib/prop_1.vnnlib,.006287933,prepare_instance_error_1,-1
acasxu,./benchmarks/acasxu/onnx/ACASXU_run2a_3_5_batch_2000.onnx,./benchmarks/acasxu/vnnlib/prop_1.vnnlib,.006153731,prepare_instance_error_1,-1
acasxu,./benchmarks/acasxu/onnx/ACASXU_run2a_3_6_batch_2000.onnx,./benchmarks/acasxu/vnnlib/prop_1.vnnlib,.006224206,prepare_instance_error_1,-1
acasxu,./benchmarks/acasxu/onnx/ACASXU_run2a_3_7_batch_2000.onnx,./benchmarks/acasxu/vnnlib/prop_1.vnnlib,.006259216,prepare_instance_error_1,-1
acasxu,./benchmarks/acasxu/onnx/ACASXU_run2a_3_8_batch_2000.onnx,./benchmarks/acasxu/vnnlib/prop_1.vnnlib,.006312275,prepare_instance_error_1,-1
acasxu,./benchmarks/acasxu/onnx/ACASXU_run2a_3_9_batch_2000.onnx,./benchmarks/acasxu/vnnlib/prop_1.vnnlib,.006264459,prepare_instance_error_1,-1
acasxu,./benchmarks/acasxu/onnx/ACASXU_run2a_4_1_batch_2000.onnx,./benchmarks/acasxu/vnnlib/prop_1.vnnlib,.006071046,prepare_instance_error_1,-1
acasxu,./benchmarks/acasxu/onnx/ACASXU_run2a_4_2_batch_2000.onnx,./benchmarks/acasxu/vnnlib/prop_1.vnnlib,.006251617,prepare_instance_error_1,-1
acasxu,./benchmarks/acasxu/onnx/ACASXU_run2a_4_3_batch_2000.onnx,./benchmarks/acasxu/vnnlib/prop_1.vnnlib,.006147971,prepare_instance_error_1,-1
acasxu,./benchmarks/acasxu/onnx/ACASXU_run2a_4_4_batch_2000.onnx,./benchmarks/acasxu/vnnlib/prop_1.vnnlib,.006348104,prepare_instance_error_1,-1
acasxu,./benchmarks/acasxu/onnx/ACASXU_run2a_4_5_batch_2000.onnx,./benchmarks/acasxu/vnnlib/prop_1.vnnlib,.006153341,prepare_instance_error_1,-1
acasxu,./benchmarks/acasxu/onnx/ACASXU_run2a_4_6_batch_2000.onnx,./benchmarks/acasxu/vnnlib/prop_1.vnnlib,.006443423,prepare_instance_error_1,-1
acasxu,./benchmarks/acasxu/onnx/ACASXU_run2a_4_7_batch_2000.onnx,./benchmarks/acasxu/vnnlib/prop_1.vnnlib,.006125424,prepare_instance_error_1,-1
acasxu,./benchmarks/acasxu/onnx/ACASXU_run2a_4_8_batch_2000.onnx,./benchmarks/acasxu/vnnlib/prop_1.vnnlib,.006215639,prepare_instance_error_1,-1
acasxu,./benchmarks/acasxu/onnx/ACASXU_run2a_4_9_batch_2000.onnx,./benchmarks/acasxu/vnnlib/prop_1.vnnlib,.006278060,prepare_instance_error_1,-1
acasxu,./benchmarks/acasxu/onnx/ACASXU_run2a_5_1_batch_2000.onnx,./benchmarks/acasxu/vnnlib/prop_1.vnnlib,.006140868,prepare_instance_error_1,-1
acasxu,./benchmarks/acasxu/onnx/ACASXU_run2a_5_2_batch_2000.onnx,./benchmarks/acasxu/vnnlib/prop_1.vnnlib,.006145722,prepare_instance_error_1,-1
acasxu,./benchmarks/acasxu/onnx/ACASXU_run2a_5_3_batch_2000.onnx,./benchmarks/acasxu/vnnlib/prop_1.vnnlib,.006145470,prepare_instance_error_1,-1
acasxu,./benchmarks/acasxu/onnx/ACASXU_run2a_5_4_batch_2000.onnx,./benchmarks/acasxu/vnnlib/prop_1.vnnlib,.006102942,prepare_instance_error_1,-1
acasxu,./benchmarks/acasxu/onnx/ACASXU_run2a_5_5_batch_2000.onnx,./benchmarks/acasxu/vnnlib/prop_1.vnnlib,.006217678,prepare_instance_error_1,-1
acasxu,./benchmarks/acasxu/onnx/ACASXU_run2a_5_6_batch_2000.onnx,./benchmarks/acasxu/vnnlib/prop_1.vnnlib,.006108239,prepare_instance_error_1,-1
acasxu,./benchmarks/acasxu/onnx/ACASXU_run2a_5_7_batch_2000.onnx,./benchmarks/acasxu/vnnlib/prop_1.vnnlib,.006297139,prepare_instance_error_1,-1
acasxu,./benchmarks/acasxu/onnx/ACASXU_run2a_5_8_batch_2000.onnx,./benchmarks/acasxu/vnnlib/prop_1.vnnlib,.006105072,prepare_instance_error_1,-1
acasxu,./benchmarks/acasxu/onnx/ACASXU_run2a_5_9_batch_2000.onnx,./benchmarks/acasxu/vnnlib/prop_1.vnnlib,.006274692,prepare_instance_error_1,-1
acasxu,./benchmarks/acasxu/onnx/ACASXU_run2a_1_1_batch_2000.onnx,./benchmarks/acasxu/vnnlib/prop_2.vnnlib,.006168435,prepare_instance_error_1,-1
acasxu,./benchmarks/acasxu/onnx/ACASXU_run2a_1_2_batch_2000.onnx,./benchmarks/acasxu/vnnlib/prop_2.vnnlib,.006243789,prepare_instance_error_1,-1
acasxu,./benchmarks/acasxu/onnx/ACASXU_run2a_1_3_batch_2000.onnx,./benchmarks/acasxu/vnnlib/prop_2.vnnlib,.006207723,prepare_instance_error_1,-1
acasxu,./benchmarks/acasxu/onnx/ACASXU_run2a_1_4_batch_2000.onnx,./benchmarks/acasxu/vnnlib/prop_2.vnnlib,.006216306,prepare_instance_error_1,-1
acasxu,./benchmarks/acasxu/onnx/ACASXU_run2a_1_5_batch_2000.onnx,./benchmarks/acasxu/vnnlib/prop_2.vnnlib,.006156095,prepare_instance_error_1,-1
acasxu,./benchmarks/acasxu/onnx/ACASXU_run2a_1_6_batch_2000.onnx,./benchmarks/acasxu/vnnlib/prop_2.vnnlib,.006253797,prepare_instance_error_1,-1
acasxu,./benchmarks/acasxu/onnx/ACASXU_run2a_1_7_batch_2000.onnx,./benchmarks/acasxu/vnnlib/prop_2.vnnlib,.006119004,prepare_instance_error_1,-1
acasxu,./benchmarks/acasxu/onnx/ACASXU_run2a_1_8_batch_2000.onnx,./benchmarks/acasxu/vnnlib/prop_2.vnnlib,.006141263,prepare_instance_error_1,-1
acasxu,./benchmarks/acasxu/onnx/ACASXU_run2a_1_9_batch_2000.onnx,./benchmarks/acasxu/vnnlib/prop_2.vnnlib,.006201809,prepare_instance_error_1,-1
acasxu,./benchmarks/acasxu/onnx/ACASXU_run2a_2_1_batch_2000.onnx,./benchmarks/acasxu/vnnlib/prop_2.vnnlib,.006259999,prepare_instance_error_1,-1
acasxu,./benchmarks/acasxu/onnx/ACASXU_run2a_2_2_batch_2000.onnx,./benchmarks/acasxu/vnnlib/prop_2.vnnlib,.006275349,prepare_instance_error_1,-1
acasxu,./benchmarks/acasxu/onnx/ACASXU_run2a_2_3_batch_2000.onnx,./benchmarks/acasxu/vnnlib/prop_2.vnnlib,.006383972,prepare_instance_error_1,-1
acasxu,./benchmarks/acasxu/onnx/ACASXU_run2a_2_4_batch_2000.onnx,./benchmarks/acasxu/vnnlib/prop_2.vnnlib,.006206227,prepare_instance_error_1,-1
acasxu,./benchmarks/acasxu/onnx/ACASXU_run2a_2_5_batch_2000.onnx,./benchmarks/acasxu/vnnlib/prop_2.vnnlib,.006466034,prepare_instance_error_1,-1
acasxu,./benchmarks/acasxu/onnx/ACASXU_run2a_2_6_batch_2000.onnx,./benchmarks/acasxu/vnnlib/prop_2.vnnlib,.006198789,prepare_instance_error_1,-1
acasxu,./benchmarks/acasxu/onnx/ACASXU_run2a_2_7_batch_2000.onnx,./benchmarks/acasxu/vnnlib/prop_2.vnnlib,.006479724,prepare_instance_error_1,-1
acasxu,./benchmarks/acasxu/onnx/ACASXU_run2a_2_8_batch_2000.onnx,./benchmarks/acasxu/vnnlib/prop_2.vnnlib,.006284574,prepare_instance_error_1,-1
acasxu,./benchmarks/acasxu/onnx/ACASXU_run2a_2_9_batch_2000.onnx,./benchmarks/acasxu/vnnlib/prop_2.vnnlib,.006570874,prepare_instance_error_1,-1
acasxu,./benchmarks/acasxu/onnx/ACASXU_run2a_3_1_batch_2000.onnx,./benchmarks/acasxu/vnnlib/prop_2.vnnlib,.006239072,prepare_instance_error_1,-1
acasxu,./benchmarks/acasxu/onnx/ACASXU_run2a_3_2_batch_2000.onnx,./benchmarks/acasxu/vnnlib/prop_2.vnnlib,.006489834,prepare_instance_error_1,-1
acasxu,./benchmarks/acasxu/onnx/ACASXU_run2a_3_3_batch_2000.onnx,./benchmarks/acasxu/vnnlib/prop_2.vnnlib,.006180766,prepare_instance_error_1,-1
acasxu,./benchmarks/acasxu/onnx/ACASXU_run2a_3_4_batch_2000.onnx,./benchmarks/acasxu/vnnlib/prop_2.vnnlib,.006380057,prepare_instance_error_1,-1
acasxu,./benchmarks/acasxu/onnx/ACASXU_run2a_3_5_batch_2000.onnx,./benchmarks/acasxu/vnnlib/prop_2.vnnlib,.006147987,prepare_instance_error_1,-1
acasxu,./benchmarks/acasxu/onnx/ACASXU_run2a_3_6_batch_2000.onnx,./benchmarks/acasxu/vnnlib/prop_2.vnnlib,.006119698,prepare_instance_error_1,-1
acasxu,./benchmarks/acasxu/onnx/ACASXU_run2a_3_7_batch_2000.onnx,./benchmarks/acasxu/vnnlib/prop_2.vnnlib,.006109100,prepare_instance_error_1,-1
acasxu,./benchmarks/acasxu/onnx/ACASXU_run2a_3_8_batch_2000.onnx,./benchmarks/acasxu/vnnlib/prop_2.vnnlib,.006172477,prepare_instance_error_1,-1
acasxu,./benchmarks/acasxu/onnx/ACASXU_run2a_3_9_batch_2000.onnx,./benchmarks/acasxu/vnnlib/prop_2.vnnlib,.006315433,prepare_instance_error_1,-1
acasxu,./benchmarks/acasxu/onnx/ACASXU_run2a_4_1_batch_2000.onnx,./benchmarks/acasxu/vnnlib/prop_2.vnnlib,.006226707,prepare_instance_error_1,-1
acasxu,./benchmarks/acasxu/onnx/ACASXU_run2a_4_2_batch_2000.onnx,./benchmarks/acasxu/vnnlib/prop_2.vnnlib,.006148047,prepare_instance_error_1,-1
acasxu,./benchmarks/acasxu/onnx/ACASXU_run2a_4_3_batch_2000.onnx,./benchmarks/acasxu/vnnlib/prop_2.vnnlib,.006274502,prepare_instance_error_1,-1
acasxu,./benchmarks/acasxu/onnx/ACASXU_run2a_4_4_batch_2000.onnx,./benchmarks/acasxu/vnnlib/prop_2.vnnlib,.006402184,prepare_instance_error_1,-1
acasxu,./benchmarks/acasxu/onnx/ACASXU_run2a_4_5_batch_2000.onnx,./benchmarks/acasxu/vnnlib/prop_2.vnnlib,.006263026,prepare_instance_error_1,-1
acasxu,./benchmarks/acasxu/onnx/ACASXU_run2a_4_6_batch_2000.onnx,./benchmarks/acasxu/vnnlib/prop_2.vnnlib,.006242281,prepare_instance_error_1,-1
acasxu,./benchmarks/acasxu/onnx/ACASXU_run2a_4_7_batch_2000.onnx,./benchmarks/acasxu/vnnlib/prop_2.vnnlib,.006197442,prepare_instance_error_1,-1
acasxu,./benchmarks/acasxu/onnx/ACASXU_run2a_4_8_batch_2000.onnx,./benchmarks/acasxu/vnnlib/prop_2.vnnlib,.006207715,prepare_instance_error_1,-1
acasxu,./benchmarks/acasxu/onnx/ACASXU_run2a_4_9_batch_2000.onnx,./benchmarks/acasxu/vnnlib/prop_2.vnnlib,.006168533,prepare_instance_error_1,-1
acasxu,./benchmarks/acasxu/onnx/ACASXU_run2a_5_1_batch_2000.onnx,./benchmarks/acasxu/vnnlib/prop_2.vnnlib,.006329344,prepare_instance_error_1,-1
acasxu,./benchmarks/acasxu/onnx/ACASXU_run2a_5_2_batch_2000.onnx,./benchmarks/acasxu/vnnlib/prop_2.vnnlib,.006209052,prepare_instance_error_1,-1
acasxu,./benchmarks/acasxu/onnx/ACASXU_run2a_5_3_batch_2000.onnx,./benchmarks/acasxu/vnnlib/prop_2.vnnlib,.006231565,prepare_instance_error_1,-1
acasxu,./benchmarks/acasxu/onnx/ACASXU_run2a_5_4_batch_2000.onnx,./benchmarks/acasxu/vnnlib/prop_2.vnnlib,.006706577,prepare_instance_error_1,-1
acasxu,./benchmarks/acasxu/onnx/ACASXU_run2a_5_5_batch_2000.onnx,./benchmarks/acasxu/vnnlib/prop_2.vnnlib,.006443704,prepare_instance_error_1,-1
acasxu,./benchmarks/acasxu/onnx/ACASXU_run2a_5_6_batch_2000.onnx,./benchmarks/acasxu/vnnlib/prop_2.vnnlib,.006149975,prepare_instance_error_1,-1
acasxu,./benchmarks/acasxu/onnx/ACASXU_run2a_5_7_batch_2000.onnx,./benchmarks/acasxu/vnnlib/prop_2.vnnlib,.006299342,prepare_instance_error_1,-1
acasxu,./benchmarks/acasxu/onnx/ACASXU_run2a_5_8_batch_2000.onnx,./benchmarks/acasxu/vnnlib/prop_2.vnnlib,.006305681,prepare_instance_error_1,-1
acasxu,./benchmarks/acasxu/onnx/ACASXU_run2a_5_9_batch_2000.onnx,./benchmarks/acasxu/vnnlib/prop_2.vnnlib,.006482113,prepare_instance_error_1,-1
acasxu,./benchmarks/acasxu/onnx/ACASXU_run2a_1_1_batch_2000.onnx,./benchmarks/acasxu/vnnlib/prop_3.vnnlib,.006137557,prepare_instance_error_1,-1
acasxu,./benchmarks/acasxu/onnx/ACASXU_run2a_1_2_batch_2000.onnx,./benchmarks/acasxu/vnnlib/prop_3.vnnlib,.006298432,prepare_instance_error_1,-1
acasxu,./benchmarks/acasxu/onnx/ACASXU_run2a_1_3_batch_2000.onnx,./benchmarks/acasxu/vnnlib/prop_3.vnnlib,.006229859,prepare_instance_error_1,-1
acasxu,./benchmarks/acasxu/onnx/ACASXU_run2a_1_4_batch_2000.onnx,./benchmarks/acasxu/vnnlib/prop_3.vnnlib,.006327297,prepare_instance_error_1,-1
acasxu,./benchmarks/acasxu/onnx/ACASXU_run2a_1_5_batch_2000.onnx,./benchmarks/acasxu/vnnlib/prop_3.vnnlib,.006392102,prepare_instance_error_1,-1
acasxu,./benchmarks/acasxu/onnx/ACASXU_run2a_1_6_batch_2000.onnx,./benchmarks/acasxu/vnnlib/prop_3.vnnlib,.006293078,prepare_instance_error_1,-1
acasxu,./benchmarks/acasxu/onnx/ACASXU_run2a_1_7_batch_2000.onnx,./benchmarks/acasxu/vnnlib/prop_3.vnnlib,.006104173,prepare_instance_error_1,-1
acasxu,./benchmarks/acasxu/onnx/ACASXU_run2a_1_8_batch_2000.onnx,./benchmarks/acasxu/vnnlib/prop_3.vnnlib,.006186144,prepare_instance_error_1,-1
acasxu,./benchmarks/acasxu/onnx/ACASXU_run2a_1_9_batch_2000.onnx,./benchmarks/acasxu/vnnlib/prop_3.vnnlib,.006221150,prepare_instance_error_1,-1
acasxu,./benchmarks/acasxu/onnx/ACASXU_run2a_2_1_batch_2000.onnx,./benchmarks/acasxu/vnnlib/prop_3.vnnlib,.006276355,prepare_instance_error_1,-1
acasxu,./benchmarks/acasxu/onnx/ACASXU_run2a_2_2_batch_2000.onnx,./benchmarks/acasxu/vnnlib/prop_3.vnnlib,.006151085,prepare_instance_error_1,-1
acasxu,./benchmarks/acasxu/onnx/ACASXU_run2a_2_3_batch_2000.onnx,./benchmarks/acasxu/vnnlib/prop_3.vnnlib,.006286662,prepare_instance_error_1,-1
acasxu,./benchmarks/acasxu/onnx/ACASXU_run2a_2_4_batch_2000.onnx,./benchmarks/acasxu/vnnlib/prop_3.vnnlib,.006452743,prepare_instance_error_1,-1
acasxu,./benchmarks/acasxu/onnx/ACASXU_run2a_2_5_batch_2000.onnx,./benchmarks/acasxu/vnnlib/prop_3.vnnlib,.006268795,prepare_instance_error_1,-1
acasxu,./benchmarks/acasxu/onnx/ACASXU_run2a_2_6_batch_2000.onnx,./benchmarks/acasxu/vnnlib/prop_3.vnnlib,.006340245,prepare_instance_error_1,-1
acasxu,./benchmarks/acasxu/onnx/ACASXU_run2a_2_7_batch_2000.onnx,./benchmarks/acasxu/vnnlib/prop_3.vnnlib,.006079087,prepare_instance_error_1,-1
acasxu,./benchmarks/acasxu/onnx/ACASXU_run2a_2_8_batch_2000.onnx,./benchmarks/acasxu/vnnlib/prop_3.vnnlib,.006391700,prepare_instance_error_1,-1
acasxu,./benchmarks/acasxu/onnx/ACASXU_run2a_2_9_batch_2000.onnx,./benchmarks/acasxu/vnnlib/prop_3.vnnlib,.006208669,prepare_instance_error_1,-1
acasxu,./benchmarks/acasxu/onnx/ACASXU_run2a_3_1_batch_2000.onnx,./benchmarks/acasxu/vnnlib/prop_3.vnnlib,.006838532,prepare_instance_error_1,-1
acasxu,./benchmarks/acasxu/onnx/ACASXU_run2a_3_2_batch_2000.onnx,./benchmarks/acasxu/vnnlib/prop_3.vnnlib,.006144991,prepare_instance_error_1,-1
acasxu,./benchmarks/acasxu/onnx/ACASXU_run2a_3_3_batch_2000.onnx,./benchmarks/acasxu/vnnlib/prop_3.vnnlib,.006482095,prepare_instance_error_1,-1
acasxu,./benchmarks/acasxu/onnx/ACASXU_run2a_3_4_batch_2000.onnx,./benchmarks/acasxu/vnnlib/prop_3.vnnlib,.006503439,prepare_instance_error_1,-1
acasxu,./benchmarks/acasxu/onnx/ACASXU_run2a_3_5_batch_2000.onnx,./benchmarks/acasxu/vnnlib/prop_3.vnnlib,.006159231,prepare_instance_error_1,-1
acasxu,./benchmarks/acasxu/onnx/ACASXU_run2a_3_6_batch_2000.onnx,./benchmarks/acasxu/vnnlib/prop_3.vnnlib,.006642261,prepare_instance_error_1,-1
acasxu,./benchmarks/acasxu/onnx/ACASXU_run2a_3_7_batch_2000.onnx,./benchmarks/acasxu/vnnlib/prop_3.vnnlib,.006404324,prepare_instance_error_1,-1
acasxu,./benchmarks/acasxu/onnx/ACASXU_run2a_3_8_batch_2000.onnx,./benchmarks/acasxu/vnnlib/prop_3.vnnlib,.006270805,prepare_instance_error_1,-1
acasxu,./benchmarks/acasxu/onnx/ACASXU_run2a_3_9_batch_2000.onnx,./benchmarks/acasxu/vnnlib/prop_3.vnnlib,.006152940,prepare_instance_error_1,-1
acasxu,./benchmarks/acasxu/onnx/ACASXU_run2a_4_1_batch_2000.onnx,./benchmarks/acasxu/vnnlib/prop_3.vnnlib,.006038228,prepare_instance_error_1,-1
acasxu,./benchmarks/acasxu/onnx/ACASXU_run2a_4_2_batch_2000.onnx,./benchmarks/acasxu/vnnlib/prop_3.vnnlib,.006208917,prepare_instance_error_1,-1
acasxu,./benchmarks/acasxu/onnx/ACASXU_run2a_4_3_batch_2000.onnx,./benchmarks/acasxu/vnnlib/prop_3.vnnlib,.006141249,prepare_instance_error_1,-1
acasxu,./benchmarks/acasxu/onnx/ACASXU_run2a_4_4_batch_2000.onnx,./benchmarks/acasxu/vnnlib/prop_3.vnnlib,.006277711,prepare_instance_error_1,-1
acasxu,./benchmarks/acasxu/onnx/ACASXU_run2a_4_5_batch_2000.onnx,./benchmarks/acasxu/vnnlib/prop_3.vnnlib,.006084905,prepare_instance_error_1,-1
acasxu,./benchmarks/acasxu/onnx/ACASXU_run2a_4_6_batch_2000.onnx,./benchmarks/acasxu/vnnlib/prop_3.vnnlib,.006128082,prepare_instance_error_1,-1
acasxu,./benchmarks/acasxu/onnx/ACASXU_run2a_4_7_batch_2000.onnx,./benchmarks/acasxu/vnnlib/prop_3.vnnlib,.006128840,prepare_instance_error_1,-1
acasxu,./benchmarks/acasxu/onnx/ACASXU_run2a_4_8_batch_2000.onnx,./benchmarks/acasxu/vnnlib/prop_3.vnnlib,.006142321,prepare_instance_error_1,-1
acasxu,./benchmarks/acasxu/onnx/ACASXU_run2a_4_9_batch_2000.onnx,./benchmarks/acasxu/vnnlib/prop_3.vnnlib,.005915715,prepare_instance_error_1,-1
acasxu,./benchmarks/acasxu/onnx/ACASXU_run2a_5_1_batch_2000.onnx,./benchmarks/acasxu/vnnlib/prop_3.vnnlib,.006324885,prepare_instance_error_1,-1
acasxu,./benchmarks/acasxu/onnx/ACASXU_run2a_5_2_batch_2000.onnx,./benchmarks/acasxu/vnnlib/prop_3.vnnlib,.005992703,prepare_instance_error_1,-1
acasxu,./benchmarks/acasxu/onnx/ACASXU_run2a_5_3_batch_2000.onnx,./benchmarks/acasxu/vnnlib/prop_3.vnnlib,.006122651,prepare_instance_error_1,-1
acasxu,./benchmarks/acasxu/onnx/ACASXU_run2a_5_4_batch_2000.onnx,./benchmarks/acasxu/vnnlib/prop_3.vnnlib,.006165872,prepare_instance_error_1,-1
acasxu,./benchmarks/acasxu/onnx/ACASXU_run2a_5_5_batch_2000.onnx,./benchmarks/acasxu/vnnlib/prop_3.vnnlib,.006142727,prepare_instance_error_1,-1
acasxu,./benchmarks/acasxu/onnx/ACASXU_run2a_5_6_batch_2000.onnx,./benchmarks/acasxu/vnnlib/prop_3.vnnlib,.006031523,prepare_instance_error_1,-1
acasxu,./benchmarks/acasxu/onnx/ACASXU_run2a_5_7_batch_2000.onnx,./benchmarks/acasxu/vnnlib/prop_3.vnnlib,.006195318,prepare_instance_error_1,-1
acasxu,./benchmarks/acasxu/onnx/ACASXU_run2a_5_8_batch_2000.onnx,./benchmarks/acasxu/vnnlib/prop_3.vnnlib,.006108350,prepare_instance_error_1,-1
acasxu,./benchmarks/acasxu/onnx/ACASXU_run2a_5_9_batch_2000.onnx,./benchmarks/acasxu/vnnlib/prop_3.vnnlib,.005997969,prepare_instance_error_1,-1
acasxu,./benchmarks/acasxu/onnx/ACASXU_run2a_1_1_batch_2000.onnx,./benchmarks/acasxu/vnnlib/prop_4.vnnlib,.006005652,prepare_instance_error_1,-1
acasxu,./benchmarks/acasxu/onnx/ACASXU_run2a_1_2_batch_2000.onnx,./benchmarks/acasxu/vnnlib/prop_4.vnnlib,.006337180,prepare_instance_error_1,-1
acasxu,./benchmarks/acasxu/onnx/ACASXU_run2a_1_3_batch_2000.onnx,./benchmarks/acasxu/vnnlib/prop_4.vnnlib,.006091853,prepare_instance_error_1,-1
acasxu,./benchmarks/acasxu/onnx/ACASXU_run2a_1_4_batch_2000.onnx,./benchmarks/acasxu/vnnlib/prop_4.vnnlib,.006196630,prepare_instance_error_1,-1
acasxu,./benchmarks/acasxu/onnx/ACASXU_run2a_1_5_batch_2000.onnx,./benchmarks/acasxu/vnnlib/prop_4.vnnlib,.006308841,prepare_instance_error_1,-1
acasxu,./benchmarks/acasxu/onnx/ACASXU_run2a_1_6_batch_2000.onnx,./benchmarks/acasxu/vnnlib/prop_4.vnnlib,.006148813,prepare_instance_error_1,-1
acasxu,./benchmarks/acasxu/onnx/ACASXU_run2a_1_7_batch_2000.onnx,./benchmarks/acasxu/vnnlib/prop_4.vnnlib,.005983374,prepare_instance_error_1,-1
acasxu,./benchmarks/acasxu/onnx/ACASXU_run2a_1_8_batch_2000.onnx,./benchmarks/acasxu/vnnlib/prop_4.vnnlib,.006176050,prepare_instance_error_1,-1
acasxu,./benchmarks/acasxu/onnx/ACASXU_run2a_1_9_batch_2000.onnx,./benchmarks/acasxu/vnnlib/prop_4.vnnlib,.006150986,prepare_instance_error_1,-1
acasxu,./benchmarks/acasxu/onnx/ACASXU_run2a_2_1_batch_2000.onnx,./benchmarks/acasxu/vnnlib/prop_4.vnnlib,.006103683,prepare_instance_error_1,-1
acasxu,./benchmarks/acasxu/onnx/ACASXU_run2a_2_2_batch_2000.onnx,./benchmarks/acasxu/vnnlib/prop_4.vnnlib,.006216171,prepare_instance_error_1,-1
acasxu,./benchmarks/acasxu/onnx/ACASXU_run2a_2_3_batch_2000.onnx,./benchmarks/acasxu/vnnlib/prop_4.vnnlib,.006158749,prepare_instance_error_1,-1
acasxu,./benchmarks/acasxu/onnx/ACASXU_run2a_2_4_batch_2000.onnx,./benchmarks/acasxu/vnnlib/prop_4.vnnlib,.006198738,prepare_instance_error_1,-1
acasxu,./benchmarks/acasxu/onnx/ACASXU_run2a_2_5_batch_2000.onnx,./benchmarks/acasxu/vnnlib/prop_4.vnnlib,.006196836,prepare_instance_error_1,-1
acasxu,./benchmarks/acasxu/onnx/ACASXU_run2a_2_6_batch_2000.onnx,./benchmarks/acasxu/vnnlib/prop_4.vnnlib,.006241081,prepare_instance_error_1,-1
acasxu,./benchmarks/acasxu/onnx/ACASXU_run2a_2_7_batch_2000.onnx,./benchmarks/acasxu/vnnlib/prop_4.vnnlib,.006162774,prepare_instance_error_1,-1
acasxu,./benchmarks/acasxu/onnx/ACASXU_run2a_2_8_batch_2000.onnx,./benchmarks/acasxu/vnnlib/prop_4.vnnlib,.006068326,prepare_instance_error_1,-1
acasxu,./benchmarks/acasxu/onnx/ACASXU_run2a_2_9_batch_2000.onnx,./benchmarks/acasxu/vnnlib/prop_4.vnnlib,.006073979,prepare_instance_error_1,-1
acasxu,./benchmarks/acasxu/onnx/ACASXU_run2a_3_1_batch_2000.onnx,./benchmarks/acasxu/vnnlib/prop_4.vnnlib,.006255277,prepare_instance_error_1,-1
acasxu,./benchmarks/acasxu/onnx/ACASXU_run2a_3_2_batch_2000.onnx,./benchmarks/acasxu/vnnlib/prop_4.vnnlib,.006037923,prepare_instance_error_1,-1
acasxu,./benchmarks/acasxu/onnx/ACASXU_run2a_3_3_batch_2000.onnx,./benchmarks/acasxu/vnnlib/prop_4.vnnlib,.006135985,prepare_instance_error_1,-1
acasxu,./benchmarks/acasxu/onnx/ACASXU_run2a_3_4_batch_2000.onnx,./benchmarks/acasxu/vnnlib/prop_4.vnnlib,.006069848,prepare_instance_error_1,-1
acasxu,./benchmarks/acasxu/onnx/ACASXU_run2a_3_5_batch_2000.onnx,./benchmarks/acasxu/vnnlib/prop_4.vnnlib,.006276555,prepare_instance_error_1,-1
acasxu,./benchmarks/acasxu/onnx/ACASXU_run2a_3_6_batch_2000.onnx,./benchmarks/acasxu/vnnlib/prop_4.vnnlib,.006228917,prepare_instance_error_1,-1
acasxu,./benchmarks/acasxu/onnx/ACASXU_run2a_3_7_batch_2000.onnx,./benchmarks/acasxu/vnnlib/prop_4.vnnlib,.006338030,prepare_instance_error_1,-1
acasxu,./benchmarks/acasxu/onnx/ACASXU_run2a_3_8_batch_2000.onnx,./benchmarks/acasxu/vnnlib/prop_4.vnnlib,.006215402,prepare_instance_error_1,-1
acasxu,./benchmarks/acasxu/onnx/ACASXU_run2a_3_9_batch_2000.onnx,./benchmarks/acasxu/vnnlib/prop_4.vnnlib,.006086261,prepare_instance_error_1,-1
acasxu,./benchmarks/acasxu/onnx/ACASXU_run2a_4_1_batch_2000.onnx,./benchmarks/acasxu/vnnlib/prop_4.vnnlib,.006274495,prepare_instance_error_1,-1
acasxu,./benchmarks/acasxu/onnx/ACASXU_run2a_4_2_batch_2000.onnx,./benchmarks/acasxu/vnnlib/prop_4.vnnlib,.006273280,prepare_instance_error_1,-1
acasxu,./benchmarks/acasxu/onnx/ACASXU_run2a_4_3_batch_2000.onnx,./benchmarks/acasxu/vnnlib/prop_4.vnnlib,.006251629,prepare_instance_error_1,-1
acasxu,./benchmarks/acasxu/onnx/ACASXU_run2a_4_4_batch_2000.onnx,./benchmarks/acasxu/vnnlib/prop_4.vnnlib,.006390646,prepare_instance_error_1,-1
acasxu,./benchmarks/acasxu/onnx/ACASXU_run2a_4_5_batch_2000.onnx,./benchmarks/acasxu/vnnlib/prop_4.vnnlib,.006102282,prepare_instance_error_1,-1
acasxu,./benchmarks/acasxu/onnx/ACASXU_run2a_4_6_batch_2000.onnx,./benchmarks/acasxu/vnnlib/prop_4.vnnlib,.006347118,prepare_instance_error_1,-1
acasxu,./benchmarks/acasxu/onnx/ACASXU_run2a_4_7_batch_2000.onnx,./benchmarks/acasxu/vnnlib/prop_4.vnnlib,.006398616,prepare_instance_error_1,-1
acasxu,./benchmarks/acasxu/onnx/ACASXU_run2a_4_8_batch_2000.onnx,./benchmarks/acasxu/vnnlib/prop_4.vnnlib,.006408154,prepare_instance_error_1,-1
acasxu,./benchmarks/acasxu/onnx/ACASXU_run2a_4_9_batch_2000.onnx,./benchmarks/acasxu/vnnlib/prop_4.vnnlib,.006382637,prepare_instance_error_1,-1
acasxu,./benchmarks/acasxu/onnx/ACASXU_run2a_5_1_batch_2000.onnx,./benchmarks/acasxu/vnnlib/prop_4.vnnlib,.006184279,prepare_instance_error_1,-1
acasxu,./benchmarks/acasxu/onnx/ACASXU_run2a_5_2_batch_2000.onnx,./benchmarks/acasxu/vnnlib/prop_4.vnnlib,.006222444,prepare_instance_error_1,-1
acasxu,./benchmarks/acasxu/onnx/ACASXU_run2a_5_3_batch_2000.onnx,./benchmarks/acasxu/vnnlib/prop_4.vnnlib,.006148594,prepare_instance_error_1,-1
acasxu,./benchmarks/acasxu/onnx/ACASXU_run2a_5_4_batch_2000.onnx,./benchmarks/acasxu/vnnlib/prop_4.vnnlib,.006192393,prepare_instance_error_1,-1
acasxu,./benchmarks/acasxu/onnx/ACASXU_run2a_5_5_batch_2000.onnx,./benchmarks/acasxu/vnnlib/prop_4.vnnlib,.006171772,prepare_instance_error_1,-1
acasxu,./benchmarks/acasxu/onnx/ACASXU_run2a_5_6_batch_2000.onnx,./benchmarks/acasxu/vnnlib/prop_4.vnnlib,.006238466,prepare_instance_error_1,-1
acasxu,./benchmarks/acasxu/onnx/ACASXU_run2a_5_7_batch_2000.onnx,./benchmarks/acasxu/vnnlib/prop_4.vnnlib,.005995300,prepare_instance_error_1,-1
acasxu,./benchmarks/acasxu/onnx/ACASXU_run2a_5_8_batch_2000.onnx,./benchmarks/acasxu/vnnlib/prop_4.vnnlib,.006074322,prepare_instance_error_1,-1
acasxu,./benchmarks/acasxu/onnx/ACASXU_run2a_5_9_batch_2000.onnx,./benchmarks/acasxu/vnnlib/prop_4.vnnlib,.006123491,prepare_instance_error_1,-1
acasxu,./benchmarks/acasxu/onnx/ACASXU_run2a_1_1_batch_2000.onnx,./benchmarks/acasxu/vnnlib/prop_5.vnnlib,.006293723,prepare_instance_error_1,-1
acasxu,./benchmarks/acasxu/onnx/ACASXU_run2a_1_1_batch_2000.onnx,./benchmarks/acasxu/vnnlib/prop_6.vnnlib,.006212865,prepare_instance_error_1,-1
acasxu,./benchmarks/acasxu/onnx/ACASXU_run2a_1_9_batch_2000.onnx,./benchmarks/acasxu/vnnlib/prop_7.vnnlib,.006260342,prepare_instance_error_1,-1
acasxu,./benchmarks/acasxu/onnx/ACASXU_run2a_2_9_batch_2000.onnx,./benchmarks/acasxu/vnnlib/prop_8.vnnlib,.005974102,prepare_instance_error_1,-1
acasxu,./benchmarks/acasxu/onnx/ACASXU_run2a_3_3_batch_2000.onnx,./benchmarks/acasxu/vnnlib/prop_9.vnnlib,.006098694,prepare_instance_error_1,-1
acasxu,./benchmarks/acasxu/onnx/ACASXU_run2a_4_5_batch_2000.onnx,./benchmarks/acasxu/vnnlib/prop_10.vnnlib,.006056021,prepare_instance_error_1,-1
acasxu,./benchmarks/test/test_nano.onnx,./benchmarks/test/test_nano.vnnlib,.006116087,prepare_instance_error_1,-1
