rl_benchmarks,./benchmarks/rl_benchmarks/onnx/cartpole.onnx,./benchmarks/rl_benchmarks/vnnlib/cartpole_case_unsafe_0.vnnlib,2.320051376,unsat,1.545443787
rl_benchmarks,./benchmarks/rl_benchmarks/onnx/cartpole.onnx,./benchmarks/rl_benchmarks/vnnlib/cartpole_case_unsafe_1.vnnlib,2.290923104,unsat,1.537294935
rl_benchmarks,./benchmarks/rl_benchmarks/onnx/cartpole.onnx,./benchmarks/rl_benchmarks/vnnlib/cartpole_case_unsafe_2.vnnlib,2.306575925,unsat,1.535684868
rl_benchmarks,./benchmarks/rl_benchmarks/onnx/cartpole.onnx,./benchmarks/rl_benchmarks/vnnlib/cartpole_case_unsafe_3.vnnlib,2.268800809,unsat,1.532224256
rl_benchmarks,./benchmarks/rl_benchmarks/onnx/cartpole.onnx,./benchmarks/rl_benchmarks/vnnlib/cartpole_case_unsafe_4.vnnlib,2.291894400,unsat,1.542318973
rl_benchmarks,./benchmarks/rl_benchmarks/onnx/cartpole.onnx,./benchmarks/rl_benchmarks/vnnlib/cartpole_case_unsafe_5.vnnlib,2.246270667,unsat,1.527211965
rl_benchmarks,./benchmarks/rl_benchmarks/onnx/cartpole.onnx,./benchmarks/rl_benchmarks/vnnlib/cartpole_case_unsafe_6.vnnlib,2.227018712,unsat,1.544141100
rl_benchmarks,./benchmarks/rl_benchmarks/onnx/cartpole.onnx,./benchmarks/rl_benchmarks/vnnlib/cartpole_case_unsafe_7.vnnlib,2.249387377,unsat,1.545012294
rl_benchmarks,./benchmarks/rl_benchmarks/onnx/cartpole.onnx,./benchmarks/rl_benchmarks/vnnlib/cartpole_case_unsafe_8.vnnlib,2.293245570,unsat,1.553368275
rl_benchmarks,./benchmarks/rl_benchmarks/onnx/cartpole.onnx,./benchmarks/rl_benchmarks/vnnlib/cartpole_case_safe_9.vnnlib,2.288132576,unsat,1.398653129
rl_benchmarks,./benchmarks/rl_benchmarks/onnx/cartpole.onnx,./benchmarks/rl_benchmarks/vnnlib/cartpole_case_unsafe_10.vnnlib,2.245945637,unsat,1.527454013
rl_benchmarks,./benchmarks/rl_benchmarks/onnx/cartpole.onnx,./benchmarks/rl_benchmarks/vnnlib/cartpole_case_unsafe_11.vnnlib,2.188044674,unsat,1.516952245
rl_benchmarks,./benchmarks/rl_benchmarks/onnx/cartpole.onnx,./benchmarks/rl_benchmarks/vnnlib/cartpole_case_unsafe_12.vnnlib,2.220775686,unsat,1.532639155
rl_benchmarks,./benchmarks/rl_benchmarks/onnx/cartpole.onnx,./benchmarks/rl_benchmarks/vnnlib/cartpole_case_unsafe_13.vnnlib,2.245794974,unsat,1.530429669
rl_benchmarks,./benchmarks/rl_benchmarks/onnx/cartpole.onnx,./benchmarks/rl_benchmarks/vnnlib/cartpole_case_safe_14.vnnlib,2.363049094,unsat,1.388801134
rl_benchmarks,./benchmarks/rl_benchmarks/onnx/cartpole.onnx,./benchmarks/rl_benchmarks/vnnlib/cartpole_case_unsafe_15.vnnlib,2.321321846,unsat,1.372730698
rl_benchmarks,./benchmarks/rl_benchmarks/onnx/cartpole.onnx,./benchmarks/rl_benchmarks/vnnlib/cartpole_case_unsafe_16.vnnlib,2.298639333,unsat,1.544755453
rl_benchmarks,./benchmarks/rl_benchmarks/onnx/cartpole.onnx,./benchmarks/rl_benchmarks/vnnlib/cartpole_case_unsafe_17.vnnlib,2.304772107,unsat,1.383632598
rl_benchmarks,./benchmarks/rl_benchmarks/onnx/cartpole.onnx,./benchmarks/rl_benchmarks/vnnlib/cartpole_case_unsafe_18.vnnlib,2.276299279,unsat,1.534371602
rl_benchmarks,./benchmarks/rl_benchmarks/onnx/cartpole.onnx,./benchmarks/rl_benchmarks/vnnlib/cartpole_case_unsafe_19.vnnlib,2.242459225,unsat,1.543760289
rl_benchmarks,./benchmarks/rl_benchmarks/onnx/cartpole.onnx,./benchmarks/rl_benchmarks/vnnlib/cartpole_case_unsafe_20.vnnlib,2.231066542,unsat,1.529926343
rl_benchmarks,./benchmarks/rl_benchmarks/onnx/cartpole.onnx,./benchmarks/rl_benchmarks/vnnlib/cartpole_case_unsafe_21.vnnlib,2.232593939,unsat,1.545447558
rl_benchmarks,./benchmarks/rl_benchmarks/onnx/cartpole.onnx,./benchmarks/rl_benchmarks/vnnlib/cartpole_case_unsafe_22.vnnlib,2.271213569,unsat,1.556428473
rl_benchmarks,./benchmarks/rl_benchmarks/onnx/cartpole.onnx,./benchmarks/rl_benchmarks/vnnlib/cartpole_case_unsafe_23.vnnlib,2.367953526,unsat,1.547422832
rl_benchmarks,./benchmarks/rl_benchmarks/onnx/cartpole.onnx,./benchmarks/rl_benchmarks/vnnlib/cartpole_case_unsafe_24.vnnlib,2.283622199,unsat,1.552592626
rl_benchmarks,./benchmarks/rl_benchmarks/onnx/cartpole.onnx,./benchmarks/rl_benchmarks/vnnlib/cartpole_case_unsafe_25.vnnlib,2.236210947,unsat,1.377428745
rl_benchmarks,./benchmarks/rl_benchmarks/onnx/cartpole.onnx,./benchmarks/rl_benchmarks/vnnlib/cartpole_case_unsafe_26.vnnlib,2.244116243,unsat,1.378012420
rl_benchmarks,./benchmarks/rl_benchmarks/onnx/cartpole.onnx,./benchmarks/rl_benchmarks/vnnlib/cartpole_case_safe_27.vnnlib,2.323607840,unsat,1.537732559
rl_benchmarks,./benchmarks/rl_benchmarks/onnx/cartpole.onnx,./benchmarks/rl_benchmarks/vnnlib/cartpole_case_unsafe_28.vnnlib,2.286032985,unsat,1.534639649
rl_benchmarks,./benchmarks/rl_benchmarks/onnx/cartpole.onnx,./benchmarks/rl_benchmarks/vnnlib/cartpole_case_unsafe_29.vnnlib,2.309059797,sat,2.939771910
rl_benchmarks,./benchmarks/rl_benchmarks/onnx/cartpole.onnx,./benchmarks/rl_benchmarks/vnnlib/cartpole_case_unsafe_30.vnnlib,2.254187980,unsat,1.375106716
rl_benchmarks,./benchmarks/rl_benchmarks/onnx/cartpole.onnx,./benchmarks/rl_benchmarks/vnnlib/cartpole_case_unsafe_31.vnnlib,2.300583362,unsat,1.376177243
rl_benchmarks,./benchmarks/rl_benchmarks/onnx/cartpole.onnx,./benchmarks/rl_benchmarks/vnnlib/cartpole_case_unsafe_32.vnnlib,2.209161390,unsat,1.527084413
rl_benchmarks,./benchmarks/rl_benchmarks/onnx/cartpole.onnx,./benchmarks/rl_benchmarks/vnnlib/cartpole_case_unsafe_33.vnnlib,2.245769925,unsat,1.374093339
rl_benchmarks,./benchmarks/rl_benchmarks/onnx/cartpole.onnx,./benchmarks/rl_benchmarks/vnnlib/cartpole_case_unsafe_34.vnnlib,2.265629643,unsat,1.522970454
rl_benchmarks,./benchmarks/rl_benchmarks/onnx/cartpole.onnx,./benchmarks/rl_benchmarks/vnnlib/cartpole_case_unsafe_35.vnnlib,2.246537577,unsat,1.384908950
rl_benchmarks,./benchmarks/rl_benchmarks/onnx/cartpole.onnx,./benchmarks/rl_benchmarks/vnnlib/cartpole_case_unsafe_36.vnnlib,2.269375870,sat,1.383732081
rl_benchmarks,./benchmarks/rl_benchmarks/onnx/cartpole.onnx,./benchmarks/rl_benchmarks/vnnlib/cartpole_case_unsafe_37.vnnlib,2.253577618,unsat,1.381114093
rl_benchmarks,./benchmarks/rl_benchmarks/onnx/cartpole.onnx,./benchmarks/rl_benchmarks/vnnlib/cartpole_case_unsafe_38.vnnlib,2.288300867,unsat,1.538324136
rl_benchmarks,./benchmarks/rl_benchmarks/onnx/cartpole.onnx,./benchmarks/rl_benchmarks/vnnlib/cartpole_case_safe_39.vnnlib,2.295953326,unsat,1.378195598
rl_benchmarks,./benchmarks/rl_benchmarks/onnx/cartpole.onnx,./benchmarks/rl_benchmarks/vnnlib/cartpole_case_unsafe_40.vnnlib,2.372240093,unsat,1.526708205
rl_benchmarks,./benchmarks/rl_benchmarks/onnx/cartpole.onnx,./benchmarks/rl_benchmarks/vnnlib/cartpole_case_unsafe_41.vnnlib,2.343363145,unsat,1.529976098
rl_benchmarks,./benchmarks/rl_benchmarks/onnx/cartpole.onnx,./benchmarks/rl_benchmarks/vnnlib/cartpole_case_unsafe_42.vnnlib,2.287067066,sat,1.375991183
rl_benchmarks,./benchmarks/rl_benchmarks/onnx/cartpole.onnx,./benchmarks/rl_benchmarks/vnnlib/cartpole_case_unsafe_43.vnnlib,2.264723173,unsat,1.546669068
rl_benchmarks,./benchmarks/rl_benchmarks/onnx/cartpole.onnx,./benchmarks/rl_benchmarks/vnnlib/cartpole_case_unsafe_44.vnnlib,2.233967642,sat,1.375183791
rl_benchmarks,./benchmarks/rl_benchmarks/onnx/cartpole.onnx,./benchmarks/rl_benchmarks/vnnlib/cartpole_case_safe_45.vnnlib,2.329041728,unsat,1.391324622
rl_benchmarks,./benchmarks/rl_benchmarks/onnx/cartpole.onnx,./benchmarks/rl_benchmarks/vnnlib/cartpole_case_safe_46.vnnlib,2.333514399,unsat,1.370082813
rl_benchmarks,./benchmarks/rl_benchmarks/onnx/cartpole.onnx,./benchmarks/rl_benchmarks/vnnlib/cartpole_case_safe_47.vnnlib,2.318159841,unsat,1.384641206
rl_benchmarks,./benchmarks/rl_benchmarks/onnx/cartpole.onnx,./benchmarks/rl_benchmarks/vnnlib/cartpole_case_safe_48.vnnlib,2.228600931,unsat,1.385755884
rl_benchmarks,./benchmarks/rl_benchmarks/onnx/cartpole.onnx,./benchmarks/rl_benchmarks/vnnlib/cartpole_case_safe_49.vnnlib,2.262521254,unsat,1.381820572
rl_benchmarks,./benchmarks/rl_benchmarks/onnx/cartpole.onnx,./benchmarks/rl_benchmarks/vnnlib/cartpole_case_safe_50.vnnlib,2.321966702,unsat,1.382820093
rl_benchmarks,./benchmarks/rl_benchmarks/onnx/cartpole.onnx,./benchmarks/rl_benchmarks/vnnlib/cartpole_case_safe_51.vnnlib,2.277435180,unsat,1.370572237
rl_benchmarks,./benchmarks/rl_benchmarks/onnx/cartpole.onnx,./benchmarks/rl_benchmarks/vnnlib/cartpole_case_safe_52.vnnlib,2.285148003,unsat,1.385939562
rl_benchmarks,./benchmarks/rl_benchmarks/onnx/cartpole.onnx,./benchmarks/rl_benchmarks/vnnlib/cartpole_case_safe_53.vnnlib,2.331362401,unsat,1.532092282
rl_benchmarks,./benchmarks/rl_benchmarks/onnx/cartpole.onnx,./benchmarks/rl_benchmarks/vnnlib/cartpole_case_safe_54.vnnlib,2.274353871,unsat,1.398954929
rl_benchmarks,./benchmarks/rl_benchmarks/onnx/cartpole.onnx,./benchmarks/rl_benchmarks/vnnlib/cartpole_case_safe_55.vnnlib,2.315095621,unsat,1.385723314
rl_benchmarks,./benchmarks/rl_benchmarks/onnx/cartpole.onnx,./benchmarks/rl_benchmarks/vnnlib/cartpole_case_safe_56.vnnlib,2.269741137,unsat,1.388692298
rl_benchmarks,./benchmarks/rl_benchmarks/onnx/cartpole.onnx,./benchmarks/rl_benchmarks/vnnlib/cartpole_case_safe_57.vnnlib,2.278032366,unsat,1.371974043
rl_benchmarks,./benchmarks/rl_benchmarks/onnx/cartpole.onnx,./benchmarks/rl_benchmarks/vnnlib/cartpole_case_safe_58.vnnlib,2.282690698,unsat,1.377761417
rl_benchmarks,./benchmarks/rl_benchmarks/onnx/cartpole.onnx,./benchmarks/rl_benchmarks/vnnlib/cartpole_case_safe_59.vnnlib,2.217217683,unsat,1.373730540
rl_benchmarks,./benchmarks/rl_benchmarks/onnx/cartpole.onnx,./benchmarks/rl_benchmarks/vnnlib/cartpole_case_safe_60.vnnlib,2.275814599,unsat,1.376195936
rl_benchmarks,./benchmarks/rl_benchmarks/onnx/cartpole.onnx,./benchmarks/rl_benchmarks/vnnlib/cartpole_case_safe_61.vnnlib,2.360697268,unsat,1.390060347
rl_benchmarks,./benchmarks/rl_benchmarks/onnx/cartpole.onnx,./benchmarks/rl_benchmarks/vnnlib/cartpole_case_safe_62.vnnlib,2.265113030,unsat,1.395424663
rl_benchmarks,./benchmarks/rl_benchmarks/onnx/cartpole.onnx,./benchmarks/rl_benchmarks/vnnlib/cartpole_case_safe_63.vnnlib,2.304872878,unsat,1.385394367
rl_benchmarks,./benchmarks/rl_benchmarks/onnx/cartpole.onnx,./benchmarks/rl_benchmarks/vnnlib/cartpole_case_safe_64.vnnlib,2.349847008,unsat,1.542068385
rl_benchmarks,./benchmarks/rl_benchmarks/onnx/cartpole.onnx,./benchmarks/rl_benchmarks/vnnlib/cartpole_case_safe_65.vnnlib,2.294437685,unsat,1.375629651
rl_benchmarks,./benchmarks/rl_benchmarks/onnx/cartpole.onnx,./benchmarks/rl_benchmarks/vnnlib/cartpole_case_safe_66.vnnlib,2.311646606,unsat,1.371850985
rl_benchmarks,./benchmarks/rl_benchmarks/onnx/cartpole.onnx,./benchmarks/rl_benchmarks/vnnlib/cartpole_case_safe_67.vnnlib,2.279383419,unsat,1.378090404
rl_benchmarks,./benchmarks/rl_benchmarks/onnx/cartpole.onnx,./benchmarks/rl_benchmarks/vnnlib/cartpole_case_safe_68.vnnlib,2.278382002,unsat,1.375402629
rl_benchmarks,./benchmarks/rl_benchmarks/onnx/cartpole.onnx,./benchmarks/rl_benchmarks/vnnlib/cartpole_case_safe_69.vnnlib,2.260830665,unsat,1.378237511
rl_benchmarks,./benchmarks/rl_benchmarks/onnx/cartpole.onnx,./benchmarks/rl_benchmarks/vnnlib/cartpole_case_safe_70.vnnlib,2.236817140,unsat,1.396496867
rl_benchmarks,./benchmarks/rl_benchmarks/onnx/cartpole.onnx,./benchmarks/rl_benchmarks/vnnlib/cartpole_case_safe_71.vnnlib,2.327636368,unsat,1.371280314
rl_benchmarks,./benchmarks/rl_benchmarks/onnx/cartpole.onnx,./benchmarks/rl_benchmarks/vnnlib/cartpole_case_safe_72.vnnlib,2.228693744,unsat,1.393146008
rl_benchmarks,./benchmarks/rl_benchmarks/onnx/cartpole.onnx,./benchmarks/rl_benchmarks/vnnlib/cartpole_case_safe_73.vnnlib,2.275233052,unsat,1.384119903
rl_benchmarks,./benchmarks/rl_benchmarks/onnx/cartpole.onnx,./benchmarks/rl_benchmarks/vnnlib/cartpole_case_safe_74.vnnlib,2.242939719,unsat,1.416160864
rl_benchmarks,./benchmarks/rl_benchmarks/onnx/cartpole.onnx,./benchmarks/rl_benchmarks/vnnlib/cartpole_case_safe_75.vnnlib,2.261045724,unsat,1.382295454
rl_benchmarks,./benchmarks/rl_benchmarks/onnx/cartpole.onnx,./benchmarks/rl_benchmarks/vnnlib/cartpole_case_safe_76.vnnlib,2.247532065,unsat,1.536308191
rl_benchmarks,./benchmarks/rl_benchmarks/onnx/cartpole.onnx,./benchmarks/rl_benchmarks/vnnlib/cartpole_case_safe_77.vnnlib,2.296199774,unsat,1.392499721
rl_benchmarks,./benchmarks/rl_benchmarks/onnx/cartpole.onnx,./benchmarks/rl_benchmarks/vnnlib/cartpole_case_safe_78.vnnlib,2.292314848,unsat,1.393819397
rl_benchmarks,./benchmarks/rl_benchmarks/onnx/cartpole.onnx,./benchmarks/rl_benchmarks/vnnlib/cartpole_case_safe_79.vnnlib,2.318479382,unsat,1.381687393
rl_benchmarks,./benchmarks/rl_benchmarks/onnx/cartpole.onnx,./benchmarks/rl_benchmarks/vnnlib/cartpole_case_safe_80.vnnlib,2.291381450,unsat,1.379943678
rl_benchmarks,./benchmarks/rl_benchmarks/onnx/cartpole.onnx,./benchmarks/rl_benchmarks/vnnlib/cartpole_case_safe_81.vnnlib,2.297759788,unsat,1.541351773
rl_benchmarks,./benchmarks/rl_benchmarks/onnx/cartpole.onnx,./benchmarks/rl_benchmarks/vnnlib/cartpole_case_safe_82.vnnlib,2.328824447,unsat,1.378523129
rl_benchmarks,./benchmarks/rl_benchmarks/onnx/cartpole.onnx,./benchmarks/rl_benchmarks/vnnlib/cartpole_case_safe_83.vnnlib,2.277043847,unsat,1.379332323
rl_benchmarks,./benchmarks/rl_benchmarks/onnx/cartpole.onnx,./benchmarks/rl_benchmarks/vnnlib/cartpole_case_safe_84.vnnlib,2.233133738,unsat,1.388240235
rl_benchmarks,./benchmarks/rl_benchmarks/onnx/cartpole.onnx,./benchmarks/rl_benchmarks/vnnlib/cartpole_case_safe_85.vnnlib,2.279548663,unsat,1.381916323
rl_benchmarks,./benchmarks/rl_benchmarks/onnx/cartpole.onnx,./benchmarks/rl_benchmarks/vnnlib/cartpole_case_safe_86.vnnlib,2.187594046,unsat,1.372271153
rl_benchmarks,./benchmarks/rl_benchmarks/onnx/cartpole.onnx,./benchmarks/rl_benchmarks/vnnlib/cartpole_case_safe_87.vnnlib,2.364092621,unsat,1.416978843
rl_benchmarks,./benchmarks/rl_benchmarks/onnx/cartpole.onnx,./benchmarks/rl_benchmarks/vnnlib/cartpole_case_safe_88.vnnlib,2.261775405,unsat,1.392538308
rl_benchmarks,./benchmarks/rl_benchmarks/onnx/cartpole.onnx,./benchmarks/rl_benchmarks/vnnlib/cartpole_case_safe_89.vnnlib,2.454689289,unsat,1.390123962
rl_benchmarks,./benchmarks/rl_benchmarks/onnx/cartpole.onnx,./benchmarks/rl_benchmarks/vnnlib/cartpole_case_safe_90.vnnlib,2.269380548,unsat,1.385932693
rl_benchmarks,./benchmarks/rl_benchmarks/onnx/cartpole.onnx,./benchmarks/rl_benchmarks/vnnlib/cartpole_case_safe_91.vnnlib,2.276058883,unsat,1.376477481
rl_benchmarks,./benchmarks/rl_benchmarks/onnx/cartpole.onnx,./benchmarks/rl_benchmarks/vnnlib/cartpole_case_safe_92.vnnlib,2.304479481,unsat,1.378804785
rl_benchmarks,./benchmarks/rl_benchmarks/onnx/cartpole.onnx,./benchmarks/rl_benchmarks/vnnlib/cartpole_case_safe_93.vnnlib,2.305404171,unsat,1.389339297
rl_benchmarks,./benchmarks/rl_benchmarks/onnx/cartpole.onnx,./benchmarks/rl_benchmarks/vnnlib/cartpole_case_safe_94.vnnlib,2.316995962,unsat,1.380825645
rl_benchmarks,./benchmarks/rl_benchmarks/onnx/cartpole.onnx,./benchmarks/rl_benchmarks/vnnlib/cartpole_case_safe_95.vnnlib,2.346883636,unsat,1.386035333
rl_benchmarks,./benchmarks/rl_benchmarks/onnx/cartpole.onnx,./benchmarks/rl_benchmarks/vnnlib/cartpole_case_safe_96.vnnlib,2.304925121,unsat,1.398175487
rl_benchmarks,./benchmarks/rl_benchmarks/onnx/cartpole.onnx,./benchmarks/rl_benchmarks/vnnlib/cartpole_case_safe_97.vnnlib,2.330971202,unsat,1.393111304
rl_benchmarks,./benchmarks/rl_benchmarks/onnx/cartpole.onnx,./benchmarks/rl_benchmarks/vnnlib/cartpole_case_safe_98.vnnlib,2.301348594,unsat,1.542150732
rl_benchmarks,./benchmarks/rl_benchmarks/onnx/cartpole.onnx,./benchmarks/rl_benchmarks/vnnlib/cartpole_case_safe_99.vnnlib,2.261104002,sat,1.386497083
rl_benchmarks,./benchmarks/rl_benchmarks/onnx/lunarlander.onnx,./benchmarks/rl_benchmarks/vnnlib/lunarlander_case_safe_0.vnnlib,2.289908391,sat,1.372831723
rl_benchmarks,./benchmarks/rl_benchmarks/onnx/lunarlander.onnx,./benchmarks/rl_benchmarks/vnnlib/lunarlander_case_safe_1.vnnlib,2.282989059,sat,1.382651350
rl_benchmarks,./benchmarks/rl_benchmarks/onnx/lunarlander.onnx,./benchmarks/rl_benchmarks/vnnlib/lunarlander_case_safe_2.vnnlib,2.255831481,sat,1.389310154
rl_benchmarks,./benchmarks/rl_benchmarks/onnx/lunarlander.onnx,./benchmarks/rl_benchmarks/vnnlib/lunarlander_case_unsafe_3.vnnlib,2.339346082,sat,1.373760337
rl_benchmarks,./benchmarks/rl_benchmarks/onnx/lunarlander.onnx,./benchmarks/rl_benchmarks/vnnlib/lunarlander_case_unsafe_4.vnnlib,2.326319896,sat,1.383902266
rl_benchmarks,./benchmarks/rl_benchmarks/onnx/lunarlander.onnx,./benchmarks/rl_benchmarks/vnnlib/lunarlander_case_safe_5.vnnlib,2.295030055,sat,1.381926711
rl_benchmarks,./benchmarks/rl_benchmarks/onnx/lunarlander.onnx,./benchmarks/rl_benchmarks/vnnlib/lunarlander_case_safe_6.vnnlib,2.272019595,sat,1.380968225
rl_benchmarks,./benchmarks/rl_benchmarks/onnx/lunarlander.onnx,./benchmarks/rl_benchmarks/vnnlib/lunarlander_case_safe_7.vnnlib,2.285534269,sat,1.387962922
rl_benchmarks,./benchmarks/rl_benchmarks/onnx/lunarlander.onnx,./benchmarks/rl_benchmarks/vnnlib/lunarlander_case_safe_8.vnnlib,2.273427591,sat,1.379188636
rl_benchmarks,./benchmarks/rl_benchmarks/onnx/lunarlander.onnx,./benchmarks/rl_benchmarks/vnnlib/lunarlander_case_safe_9.vnnlib,2.272549522,sat,1.371605647
rl_benchmarks,./benchmarks/rl_benchmarks/onnx/lunarlander.onnx,./benchmarks/rl_benchmarks/vnnlib/lunarlander_case_safe_10.vnnlib,2.295165868,sat,1.394547479
rl_benchmarks,./benchmarks/rl_benchmarks/onnx/lunarlander.onnx,./benchmarks/rl_benchmarks/vnnlib/lunarlander_case_safe_11.vnnlib,2.265356467,sat,1.402702530
rl_benchmarks,./benchmarks/rl_benchmarks/onnx/lunarlander.onnx,./benchmarks/rl_benchmarks/vnnlib/lunarlander_case_safe_12.vnnlib,2.248164947,unsat,2.592979556
rl_benchmarks,./benchmarks/rl_benchmarks/onnx/lunarlander.onnx,./benchmarks/rl_benchmarks/vnnlib/lunarlander_case_safe_13.vnnlib,2.266971120,sat,1.369894580
rl_benchmarks,./benchmarks/rl_benchmarks/onnx/lunarlander.onnx,./benchmarks/rl_benchmarks/vnnlib/lunarlander_case_safe_14.vnnlib,2.341152964,sat,1.381140916
rl_benchmarks,./benchmarks/rl_benchmarks/onnx/lunarlander.onnx,./benchmarks/rl_benchmarks/vnnlib/lunarlander_case_safe_15.vnnlib,2.391221964,sat,1.385697768
rl_benchmarks,./benchmarks/rl_benchmarks/onnx/lunarlander.onnx,./benchmarks/rl_benchmarks/vnnlib/lunarlander_case_unsafe_16.vnnlib,2.289080273,sat,1.370423730
rl_benchmarks,./benchmarks/rl_benchmarks/onnx/lunarlander.onnx,./benchmarks/rl_benchmarks/vnnlib/lunarlander_case_safe_17.vnnlib,2.303106795,unsat,2.844204832
rl_benchmarks,./benchmarks/rl_benchmarks/onnx/lunarlander.onnx,./benchmarks/rl_benchmarks/vnnlib/lunarlander_case_safe_18.vnnlib,2.334814392,sat,1.396827180
rl_benchmarks,./benchmarks/rl_benchmarks/onnx/lunarlander.onnx,./benchmarks/rl_benchmarks/vnnlib/lunarlander_case_safe_19.vnnlib,2.310358273,unsat,1.536057715
rl_benchmarks,./benchmarks/rl_benchmarks/onnx/lunarlander.onnx,./benchmarks/rl_benchmarks/vnnlib/lunarlander_case_unsafe_20.vnnlib,2.191229474,sat,1.382725948
rl_benchmarks,./benchmarks/rl_benchmarks/onnx/lunarlander.onnx,./benchmarks/rl_benchmarks/vnnlib/lunarlander_case_safe_21.vnnlib,2.311419521,sat,1.386008938
rl_benchmarks,./benchmarks/rl_benchmarks/onnx/lunarlander.onnx,./benchmarks/rl_benchmarks/vnnlib/lunarlander_case_safe_22.vnnlib,2.254134927,sat,1.385376098
rl_benchmarks,./benchmarks/rl_benchmarks/onnx/lunarlander.onnx,./benchmarks/rl_benchmarks/vnnlib/lunarlander_case_safe_23.vnnlib,2.232254805,sat,1.386262559
rl_benchmarks,./benchmarks/rl_benchmarks/onnx/lunarlander.onnx,./benchmarks/rl_benchmarks/vnnlib/lunarlander_case_safe_24.vnnlib,2.227808161,sat,1.376306636
rl_benchmarks,./benchmarks/rl_benchmarks/onnx/lunarlander.onnx,./benchmarks/rl_benchmarks/vnnlib/lunarlander_case_safe_25.vnnlib,2.360697558,sat,1.395575575
rl_benchmarks,./benchmarks/rl_benchmarks/onnx/lunarlander.onnx,./benchmarks/rl_benchmarks/vnnlib/lunarlander_case_safe_26.vnnlib,2.267510475,sat,1.380482858
rl_benchmarks,./benchmarks/rl_benchmarks/onnx/lunarlander.onnx,./benchmarks/rl_benchmarks/vnnlib/lunarlander_case_safe_27.vnnlib,2.304114783,sat,1.388413386
rl_benchmarks,./benchmarks/rl_benchmarks/onnx/lunarlander.onnx,./benchmarks/rl_benchmarks/vnnlib/lunarlander_case_unsafe_28.vnnlib,2.238560544,sat,1.384241990
rl_benchmarks,./benchmarks/rl_benchmarks/onnx/lunarlander.onnx,./benchmarks/rl_benchmarks/vnnlib/lunarlander_case_safe_29.vnnlib,2.303414774,sat,1.376592634
rl_benchmarks,./benchmarks/rl_benchmarks/onnx/lunarlander.onnx,./benchmarks/rl_benchmarks/vnnlib/lunarlander_case_safe_30.vnnlib,2.294042670,sat,1.376924566
rl_benchmarks,./benchmarks/rl_benchmarks/onnx/lunarlander.onnx,./benchmarks/rl_benchmarks/vnnlib/lunarlander_case_safe_31.vnnlib,2.290080536,sat,1.383892561
rl_benchmarks,./benchmarks/rl_benchmarks/onnx/lunarlander.onnx,./benchmarks/rl_benchmarks/vnnlib/lunarlander_case_safe_32.vnnlib,2.288562186,sat,1.382212724
rl_benchmarks,./benchmarks/rl_benchmarks/onnx/lunarlander.onnx,./benchmarks/rl_benchmarks/vnnlib/lunarlander_case_safe_33.vnnlib,2.268528410,sat,1.389039392
rl_benchmarks,./benchmarks/rl_benchmarks/onnx/lunarlander.onnx,./benchmarks/rl_benchmarks/vnnlib/lunarlander_case_safe_34.vnnlib,2.260982277,sat,1.389321254
rl_benchmarks,./benchmarks/rl_benchmarks/onnx/lunarlander.onnx,./benchmarks/rl_benchmarks/vnnlib/lunarlander_case_unsafe_35.vnnlib,2.290795863,sat,1.384740533
rl_benchmarks,./benchmarks/rl_benchmarks/onnx/lunarlander.onnx,./benchmarks/rl_benchmarks/vnnlib/lunarlander_case_safe_36.vnnlib,2.277501531,sat,1.382587506
rl_benchmarks,./benchmarks/rl_benchmarks/onnx/lunarlander.onnx,./benchmarks/rl_benchmarks/vnnlib/lunarlander_case_safe_37.vnnlib,2.268967819,sat,1.393598021
rl_benchmarks,./benchmarks/rl_benchmarks/onnx/lunarlander.onnx,./benchmarks/rl_benchmarks/vnnlib/lunarlander_case_safe_38.vnnlib,2.260133217,sat,1.376859355
rl_benchmarks,./benchmarks/rl_benchmarks/onnx/lunarlander.onnx,./benchmarks/rl_benchmarks/vnnlib/lunarlander_case_safe_39.vnnlib,2.236107892,sat,1.393919440
rl_benchmarks,./benchmarks/rl_benchmarks/onnx/lunarlander.onnx,./benchmarks/rl_benchmarks/vnnlib/lunarlander_case_safe_40.vnnlib,2.240389300,sat,1.380919995
rl_benchmarks,./benchmarks/rl_benchmarks/onnx/lunarlander.onnx,./benchmarks/rl_benchmarks/vnnlib/lunarlander_case_safe_41.vnnlib,2.374336076,sat,1.405378556
rl_benchmarks,./benchmarks/rl_benchmarks/onnx/lunarlander.onnx,./benchmarks/rl_benchmarks/vnnlib/lunarlander_case_safe_42.vnnlib,2.374368758,sat,1.392992965
rl_benchmarks,./benchmarks/rl_benchmarks/onnx/lunarlander.onnx,./benchmarks/rl_benchmarks/vnnlib/lunarlander_case_safe_43.vnnlib,2.302073075,sat,1.399398170
rl_benchmarks,./benchmarks/rl_benchmarks/onnx/lunarlander.onnx,./benchmarks/rl_benchmarks/vnnlib/lunarlander_case_safe_44.vnnlib,2.276304152,sat,1.383887461
rl_benchmarks,./benchmarks/rl_benchmarks/onnx/lunarlander.onnx,./benchmarks/rl_benchmarks/vnnlib/lunarlander_case_unsafe_45.vnnlib,2.344493499,sat,1.384427906
rl_benchmarks,./benchmarks/rl_benchmarks/onnx/lunarlander.onnx,./benchmarks/rl_benchmarks/vnnlib/lunarlander_case_safe_46.vnnlib,2.321350294,sat,1.395472286
rl_benchmarks,./benchmarks/rl_benchmarks/onnx/lunarlander.onnx,./benchmarks/rl_benchmarks/vnnlib/lunarlander_case_safe_47.vnnlib,2.227316643,sat,1.394940926
rl_benchmarks,./benchmarks/rl_benchmarks/onnx/lunarlander.onnx,./benchmarks/rl_benchmarks/vnnlib/lunarlander_case_safe_48.vnnlib,2.270852863,sat,1.375239336
rl_benchmarks,./benchmarks/rl_benchmarks/onnx/lunarlander.onnx,./benchmarks/rl_benchmarks/vnnlib/lunarlander_case_safe_49.vnnlib,2.259441843,sat,1.389244983
rl_benchmarks,./benchmarks/rl_benchmarks/onnx/lunarlander.onnx,./benchmarks/rl_benchmarks/vnnlib/lunarlander_case_safe_50.vnnlib,2.230769236,sat,1.385537325
rl_benchmarks,./benchmarks/rl_benchmarks/onnx/lunarlander.onnx,./benchmarks/rl_benchmarks/vnnlib/lunarlander_case_unsafe_51.vnnlib,2.273991564,sat,1.395467548
rl_benchmarks,./benchmarks/rl_benchmarks/onnx/lunarlander.onnx,./benchmarks/rl_benchmarks/vnnlib/lunarlander_case_safe_52.vnnlib,2.277398232,unsat,1.388900933
rl_benchmarks,./benchmarks/rl_benchmarks/onnx/lunarlander.onnx,./benchmarks/rl_benchmarks/vnnlib/lunarlander_case_safe_53.vnnlib,2.265387500,sat,1.373261688
rl_benchmarks,./benchmarks/rl_benchmarks/onnx/lunarlander.onnx,./benchmarks/rl_benchmarks/vnnlib/lunarlander_case_unsafe_54.vnnlib,2.265782114,unsat,1.393328287
rl_benchmarks,./benchmarks/rl_benchmarks/onnx/lunarlander.onnx,./benchmarks/rl_benchmarks/vnnlib/lunarlander_case_safe_55.vnnlib,2.289024220,sat,1.379513615
rl_benchmarks,./benchmarks/rl_benchmarks/onnx/lunarlander.onnx,./benchmarks/rl_benchmarks/vnnlib/lunarlander_case_safe_56.vnnlib,2.311874601,sat,1.389005119
rl_benchmarks,./benchmarks/rl_benchmarks/onnx/lunarlander.onnx,./benchmarks/rl_benchmarks/vnnlib/lunarlander_case_safe_57.vnnlib,2.379797558,sat,1.403625925
rl_benchmarks,./benchmarks/rl_benchmarks/onnx/lunarlander.onnx,./benchmarks/rl_benchmarks/vnnlib/lunarlander_case_safe_58.vnnlib,2.285696151,sat,1.379781277
rl_benchmarks,./benchmarks/rl_benchmarks/onnx/lunarlander.onnx,./benchmarks/rl_benchmarks/vnnlib/lunarlander_case_safe_59.vnnlib,2.307450310,sat,1.386152839
rl_benchmarks,./benchmarks/rl_benchmarks/onnx/lunarlander.onnx,./benchmarks/rl_benchmarks/vnnlib/lunarlander_case_safe_60.vnnlib,2.365117027,sat,1.390204306
rl_benchmarks,./benchmarks/rl_benchmarks/onnx/lunarlander.onnx,./benchmarks/rl_benchmarks/vnnlib/lunarlander_case_unsafe_61.vnnlib,2.279856529,sat,1.371040309
rl_benchmarks,./benchmarks/rl_benchmarks/onnx/lunarlander.onnx,./benchmarks/rl_benchmarks/vnnlib/lunarlander_case_safe_62.vnnlib,2.268974528,sat,1.387276697
rl_benchmarks,./benchmarks/rl_benchmarks/onnx/lunarlander.onnx,./benchmarks/rl_benchmarks/vnnlib/lunarlander_case_safe_63.vnnlib,2.248286304,sat,1.378089882
rl_benchmarks,./benchmarks/rl_benchmarks/onnx/lunarlander.onnx,./benchmarks/rl_benchmarks/vnnlib/lunarlander_case_unsafe_64.vnnlib,2.251682282,unsat,1.384880176
rl_benchmarks,./benchmarks/rl_benchmarks/onnx/lunarlander.onnx,./benchmarks/rl_benchmarks/vnnlib/lunarlander_case_unsafe_65.vnnlib,2.209976780,sat,1.386991922
rl_benchmarks,./benchmarks/rl_benchmarks/onnx/lunarlander.onnx,./benchmarks/rl_benchmarks/vnnlib/lunarlander_case_safe_66.vnnlib,2.265616318,sat,1.376502815
rl_benchmarks,./benchmarks/rl_benchmarks/onnx/lunarlander.onnx,./benchmarks/rl_benchmarks/vnnlib/lunarlander_case_unsafe_67.vnnlib,2.324538292,unsat,1.425473609
rl_benchmarks,./benchmarks/rl_benchmarks/onnx/lunarlander.onnx,./benchmarks/rl_benchmarks/vnnlib/lunarlander_case_safe_68.vnnlib,2.281615463,sat,1.422403819
rl_benchmarks,./benchmarks/rl_benchmarks/onnx/lunarlander.onnx,./benchmarks/rl_benchmarks/vnnlib/lunarlander_case_unsafe_69.vnnlib,2.284910654,sat,1.389076533
rl_benchmarks,./benchmarks/rl_benchmarks/onnx/lunarlander.onnx,./benchmarks/rl_benchmarks/vnnlib/lunarlander_case_unsafe_70.vnnlib,2.342952365,sat,1.375365649
rl_benchmarks,./benchmarks/rl_benchmarks/onnx/lunarlander.onnx,./benchmarks/rl_benchmarks/vnnlib/lunarlander_case_safe_71.vnnlib,2.281559610,sat,1.374269734
rl_benchmarks,./benchmarks/rl_benchmarks/onnx/lunarlander.onnx,./benchmarks/rl_benchmarks/vnnlib/lunarlander_case_unsafe_72.vnnlib,2.324012737,unsat,1.369557289
rl_benchmarks,./benchmarks/rl_benchmarks/onnx/lunarlander.onnx,./benchmarks/rl_benchmarks/vnnlib/lunarlander_case_unsafe_73.vnnlib,2.282742378,sat,1.392592064
rl_benchmarks,./benchmarks/rl_benchmarks/onnx/lunarlander.onnx,./benchmarks/rl_benchmarks/vnnlib/lunarlander_case_safe_74.vnnlib,2.234270154,unsat,1.544443680
rl_benchmarks,./benchmarks/rl_benchmarks/onnx/lunarlander.onnx,./benchmarks/rl_benchmarks/vnnlib/lunarlander_case_unsafe_75.vnnlib,2.286991679,unsat,1.388729390
rl_benchmarks,./benchmarks/rl_benchmarks/onnx/lunarlander.onnx,./benchmarks/rl_benchmarks/vnnlib/lunarlander_case_unsafe_76.vnnlib,2.276932102,sat,1.389726347
rl_benchmarks,./benchmarks/rl_benchmarks/onnx/lunarlander.onnx,./benchmarks/rl_benchmarks/vnnlib/lunarlander_case_safe_77.vnnlib,2.283479807,sat,1.377136400
rl_benchmarks,./benchmarks/rl_benchmarks/onnx/lunarlander.onnx,./benchmarks/rl_benchmarks/vnnlib/lunarlander_case_unsafe_78.vnnlib,2.277112082,unsat,1.400463337
rl_benchmarks,./benchmarks/rl_benchmarks/onnx/lunarlander.onnx,./benchmarks/rl_benchmarks/vnnlib/lunarlander_case_safe_79.vnnlib,2.256791444,unsat,1.393389678
rl_benchmarks,./benchmarks/rl_benchmarks/onnx/lunarlander.onnx,./benchmarks/rl_benchmarks/vnnlib/lunarlander_case_safe_80.vnnlib,2.232390126,unsat,1.389251204
rl_benchmarks,./benchmarks/rl_benchmarks/onnx/lunarlander.onnx,./benchmarks/rl_benchmarks/vnnlib/lunarlander_case_safe_81.vnnlib,2.308796008,sat,1.372239532
rl_benchmarks,./benchmarks/rl_benchmarks/onnx/lunarlander.onnx,./benchmarks/rl_benchmarks/vnnlib/lunarlander_case_unsafe_82.vnnlib,2.262983182,unsat,1.397738706
rl_benchmarks,./benchmarks/rl_benchmarks/onnx/lunarlander.onnx,./benchmarks/rl_benchmarks/vnnlib/lunarlander_case_safe_83.vnnlib,2.309558274,unsat,1.398187649
rl_benchmarks,./benchmarks/rl_benchmarks/onnx/lunarlander.onnx,./benchmarks/rl_benchmarks/vnnlib/lunarlander_case_unsafe_84.vnnlib,2.288233799,sat,1.380722132
rl_benchmarks,./benchmarks/rl_benchmarks/onnx/lunarlander.onnx,./benchmarks/rl_benchmarks/vnnlib/lunarlander_case_unsafe_85.vnnlib,2.257983665,sat,1.378878647
rl_benchmarks,./benchmarks/rl_benchmarks/onnx/lunarlander.onnx,./benchmarks/rl_benchmarks/vnnlib/lunarlander_case_safe_86.vnnlib,2.240692880,sat,1.378829709
rl_benchmarks,./benchmarks/rl_benchmarks/onnx/lunarlander.onnx,./benchmarks/rl_benchmarks/vnnlib/lunarlander_case_safe_87.vnnlib,2.243472570,sat,1.391054669
rl_benchmarks,./benchmarks/rl_benchmarks/onnx/lunarlander.onnx,./benchmarks/rl_benchmarks/vnnlib/lunarlander_case_safe_88.vnnlib,2.260127240,sat,1.385785061
rl_benchmarks,./benchmarks/rl_benchmarks/onnx/lunarlander.onnx,./benchmarks/rl_benchmarks/vnnlib/lunarlander_case_safe_89.vnnlib,2.291571654,unsat,1.369463973
rl_benchmarks,./benchmarks/rl_benchmarks/onnx/lunarlander.onnx,./benchmarks/rl_benchmarks/vnnlib/lunarlander_case_unsafe_90.vnnlib,2.300553475,unsat,1.375022705
rl_benchmarks,./benchmarks/rl_benchmarks/onnx/lunarlander.onnx,./benchmarks/rl_benchmarks/vnnlib/lunarlander_case_unsafe_91.vnnlib,2.268438186,unsat,1.403302693
rl_benchmarks,./benchmarks/rl_benchmarks/onnx/lunarlander.onnx,./benchmarks/rl_benchmarks/vnnlib/lunarlander_case_unsafe_92.vnnlib,2.214046845,unsat,1.392291643
rl_benchmarks,./benchmarks/rl_benchmarks/onnx/lunarlander.onnx,./benchmarks/rl_benchmarks/vnnlib/lunarlander_case_unsafe_93.vnnlib,2.237293158,sat,1.395938836
rl_benchmarks,./benchmarks/rl_benchmarks/onnx/lunarlander.onnx,./benchmarks/rl_benchmarks/vnnlib/lunarlander_case_unsafe_94.vnnlib,2.284243071,unsat,1.393253021
rl_benchmarks,./benchmarks/rl_benchmarks/onnx/lunarlander.onnx,./benchmarks/rl_benchmarks/vnnlib/lunarlander_case_unsafe_95.vnnlib,2.284164296,sat,1.436650925
rl_benchmarks,./benchmarks/rl_benchmarks/onnx/lunarlander.onnx,./benchmarks/rl_benchmarks/vnnlib/lunarlander_case_unsafe_96.vnnlib,2.266266258,sat,1.391025403
rl_benchmarks,./benchmarks/rl_benchmarks/onnx/lunarlander.onnx,./benchmarks/rl_benchmarks/vnnlib/lunarlander_case_unsafe_97.vnnlib,2.244194392,sat,1.375345353
rl_benchmarks,./benchmarks/rl_benchmarks/onnx/lunarlander.onnx,./benchmarks/rl_benchmarks/vnnlib/lunarlander_case_unsafe_98.vnnlib,2.312816007,sat,1.375208142
rl_benchmarks,./benchmarks/rl_benchmarks/onnx/lunarlander.onnx,./benchmarks/rl_benchmarks/vnnlib/lunarlander_case_unsafe_99.vnnlib,2.297883574,sat,1.379982927
rl_benchmarks,./benchmarks/rl_benchmarks/onnx/dubinsrejoin.onnx,./benchmarks/rl_benchmarks/vnnlib/dubinsrejoin_case_safe_0.vnnlib,2.302073020,unsat,1.836040465
rl_benchmarks,./benchmarks/rl_benchmarks/onnx/dubinsrejoin.onnx,./benchmarks/rl_benchmarks/vnnlib/dubinsrejoin_case_safe_1.vnnlib,2.243865338,unsat,1.832705050
rl_benchmarks,./benchmarks/rl_benchmarks/onnx/dubinsrejoin.onnx,./benchmarks/rl_benchmarks/vnnlib/dubinsrejoin_case_unsafe_2.vnnlib,2.355092643,unsat,1.852331852
rl_benchmarks,./benchmarks/rl_benchmarks/onnx/dubinsrejoin.onnx,./benchmarks/rl_benchmarks/vnnlib/dubinsrejoin_case_safe_3.vnnlib,2.235400364,unsat,1.809362170
rl_benchmarks,./benchmarks/rl_benchmarks/onnx/dubinsrejoin.onnx,./benchmarks/rl_benchmarks/vnnlib/dubinsrejoin_case_unsafe_4.vnnlib,2.256057858,unsat,1.816342496
rl_benchmarks,./benchmarks/rl_benchmarks/onnx/dubinsrejoin.onnx,./benchmarks/rl_benchmarks/vnnlib/dubinsrejoin_case_unsafe_5.vnnlib,2.385323068,unsat,1.799367534
rl_benchmarks,./benchmarks/rl_benchmarks/onnx/dubinsrejoin.onnx,./benchmarks/rl_benchmarks/vnnlib/dubinsrejoin_case_safe_6.vnnlib,2.288227254,unsat,1.792039566
rl_benchmarks,./benchmarks/rl_benchmarks/onnx/dubinsrejoin.onnx,./benchmarks/rl_benchmarks/vnnlib/dubinsrejoin_case_unsafe_7.vnnlib,2.294944874,unsat,1.814555152
rl_benchmarks,./benchmarks/rl_benchmarks/onnx/dubinsrejoin.onnx,./benchmarks/rl_benchmarks/vnnlib/dubinsrejoin_case_unsafe_8.vnnlib,2.277951010,unsat,2.177147915
rl_benchmarks,./benchmarks/rl_benchmarks/onnx/dubinsrejoin.onnx,./benchmarks/rl_benchmarks/vnnlib/dubinsrejoin_case_unsafe_9.vnnlib,2.314141052,unsat,1.840937275
rl_benchmarks,./benchmarks/rl_benchmarks/onnx/dubinsrejoin.onnx,./benchmarks/rl_benchmarks/vnnlib/dubinsrejoin_case_safe_10.vnnlib,2.301502813,unsat,6.632941235
rl_benchmarks,./benchmarks/rl_benchmarks/onnx/dubinsrejoin.onnx,./benchmarks/rl_benchmarks/vnnlib/dubinsrejoin_case_unsafe_11.vnnlib,2.236854376,unsat,1.821555280
rl_benchmarks,./benchmarks/rl_benchmarks/onnx/dubinsrejoin.onnx,./benchmarks/rl_benchmarks/vnnlib/dubinsrejoin_case_safe_12.vnnlib,2.181483735,unsat,1.806966844
rl_benchmarks,./benchmarks/rl_benchmarks/onnx/dubinsrejoin.onnx,./benchmarks/rl_benchmarks/vnnlib/dubinsrejoin_case_safe_13.vnnlib,2.282662493,unsat,6.527474555
rl_benchmarks,./benchmarks/rl_benchmarks/onnx/dubinsrejoin.onnx,./benchmarks/rl_benchmarks/vnnlib/dubinsrejoin_case_safe_14.vnnlib,2.226612992,unsat,1.791922077
rl_benchmarks,./benchmarks/rl_benchmarks/onnx/dubinsrejoin.onnx,./benchmarks/rl_benchmarks/vnnlib/dubinsrejoin_case_safe_15.vnnlib,2.274424509,unsat,6.244809665
rl_benchmarks,./benchmarks/rl_benchmarks/onnx/dubinsrejoin.onnx,./benchmarks/rl_benchmarks/vnnlib/dubinsrejoin_case_safe_16.vnnlib,2.343788390,unsat,6.768114670
rl_benchmarks,./benchmarks/rl_benchmarks/onnx/dubinsrejoin.onnx,./benchmarks/rl_benchmarks/vnnlib/dubinsrejoin_case_safe_17.vnnlib,2.272668943,unsat,6.704283709
rl_benchmarks,./benchmarks/rl_benchmarks/onnx/dubinsrejoin.onnx,./benchmarks/rl_benchmarks/vnnlib/dubinsrejoin_case_unsafe_18.vnnlib,2.199243491,unsat,2.600330602
rl_benchmarks,./benchmarks/rl_benchmarks/onnx/dubinsrejoin.onnx,./benchmarks/rl_benchmarks/vnnlib/dubinsrejoin_case_unsafe_19.vnnlib,2.281170007,unsat,1.794306851
rl_benchmarks,./benchmarks/rl_benchmarks/onnx/dubinsrejoin.onnx,./benchmarks/rl_benchmarks/vnnlib/dubinsrejoin_case_unsafe_20.vnnlib,2.238220802,unsat,1.810488647
rl_benchmarks,./benchmarks/rl_benchmarks/onnx/dubinsrejoin.onnx,./benchmarks/rl_benchmarks/vnnlib/dubinsrejoin_case_unsafe_21.vnnlib,2.272710272,unsat,3.116511416
rl_benchmarks,./benchmarks/rl_benchmarks/onnx/dubinsrejoin.onnx,./benchmarks/rl_benchmarks/vnnlib/dubinsrejoin_case_unsafe_22.vnnlib,2.313816846,unsat,1.772173360
rl_benchmarks,./benchmarks/rl_benchmarks/onnx/dubinsrejoin.onnx,./benchmarks/rl_benchmarks/vnnlib/dubinsrejoin_case_unsafe_23.vnnlib,2.246930354,unsat,1.770610043
rl_benchmarks,./benchmarks/rl_benchmarks/onnx/dubinsrejoin.onnx,./benchmarks/rl_benchmarks/vnnlib/dubinsrejoin_case_unsafe_24.vnnlib,2.303243924,unsat,1.814194835
rl_benchmarks,./benchmarks/rl_benchmarks/onnx/dubinsrejoin.onnx,./benchmarks/rl_benchmarks/vnnlib/dubinsrejoin_case_unsafe_25.vnnlib,2.279167373,unsat,4.819059272
rl_benchmarks,./benchmarks/rl_benchmarks/onnx/dubinsrejoin.onnx,./benchmarks/rl_benchmarks/vnnlib/dubinsrejoin_case_unsafe_26.vnnlib,2.280201701,unsat,1.843532829
rl_benchmarks,./benchmarks/rl_benchmarks/onnx/dubinsrejoin.onnx,./benchmarks/rl_benchmarks/vnnlib/dubinsrejoin_case_unsafe_27.vnnlib,2.395849319,unsat,1.784206285
rl_benchmarks,./benchmarks/rl_benchmarks/onnx/dubinsrejoin.onnx,./benchmarks/rl_benchmarks/vnnlib/dubinsrejoin_case_unsafe_28.vnnlib,2.221648417,unsat,2.474153276
rl_benchmarks,./benchmarks/rl_benchmarks/onnx/dubinsrejoin.onnx,./benchmarks/rl_benchmarks/vnnlib/dubinsrejoin_case_unsafe_29.vnnlib,2.329724813,unsat,2.146206893
rl_benchmarks,./benchmarks/rl_benchmarks/onnx/dubinsrejoin.onnx,./benchmarks/rl_benchmarks/vnnlib/dubinsrejoin_case_unsafe_30.vnnlib,2.287048827,unsat,1.757853294
rl_benchmarks,./benchmarks/rl_benchmarks/onnx/dubinsrejoin.onnx,./benchmarks/rl_benchmarks/vnnlib/dubinsrejoin_case_unsafe_31.vnnlib,2.265366545,unsat,1.803466032
rl_benchmarks,./benchmarks/rl_benchmarks/onnx/dubinsrejoin.onnx,./benchmarks/rl_benchmarks/vnnlib/dubinsrejoin_case_unsafe_32.vnnlib,2.299699357,unsat,1.790663712
rl_benchmarks,./benchmarks/rl_benchmarks/onnx/dubinsrejoin.onnx,./benchmarks/rl_benchmarks/vnnlib/dubinsrejoin_case_unsafe_33.vnnlib,2.340503884,unsat,1.807200096
rl_benchmarks,./benchmarks/rl_benchmarks/onnx/dubinsrejoin.onnx,./benchmarks/rl_benchmarks/vnnlib/dubinsrejoin_case_unsafe_34.vnnlib,2.211258217,unsat,1.774786271
rl_benchmarks,./benchmarks/rl_benchmarks/onnx/dubinsrejoin.onnx,./benchmarks/rl_benchmarks/vnnlib/dubinsrejoin_case_unsafe_35.vnnlib,2.260022096,unsat,1.823591824
rl_benchmarks,./benchmarks/rl_benchmarks/onnx/dubinsrejoin.onnx,./benchmarks/rl_benchmarks/vnnlib/dubinsrejoin_case_unsafe_36.vnnlib,2.274606490,unsat,1.814426931
rl_benchmarks,./benchmarks/rl_benchmarks/onnx/dubinsrejoin.onnx,./benchmarks/rl_benchmarks/vnnlib/dubinsrejoin_case_unsafe_37.vnnlib,2.455338438,unsat,1.820287706
rl_benchmarks,./benchmarks/rl_benchmarks/onnx/dubinsrejoin.onnx,./benchmarks/rl_benchmarks/vnnlib/dubinsrejoin_case_unsafe_38.vnnlib,2.283392728,unsat,1.773388495
rl_benchmarks,./benchmarks/rl_benchmarks/onnx/dubinsrejoin.onnx,./benchmarks/rl_benchmarks/vnnlib/dubinsrejoin_case_unsafe_39.vnnlib,2.327519039,unsat,1.795774962
rl_benchmarks,./benchmarks/rl_benchmarks/onnx/dubinsrejoin.onnx,./benchmarks/rl_benchmarks/vnnlib/dubinsrejoin_case_unsafe_40.vnnlib,2.266167070,unsat,1.776260714
rl_benchmarks,./benchmarks/rl_benchmarks/onnx/dubinsrejoin.onnx,./benchmarks/rl_benchmarks/vnnlib/dubinsrejoin_case_unsafe_41.vnnlib,2.325043610,unsat,1.798173535
rl_benchmarks,./benchmarks/rl_benchmarks/onnx/dubinsrejoin.onnx,./benchmarks/rl_benchmarks/vnnlib/dubinsrejoin_case_unsafe_42.vnnlib,2.261858776,unsat,1.795905889
rl_benchmarks,./benchmarks/rl_benchmarks/onnx/dubinsrejoin.onnx,./benchmarks/rl_benchmarks/vnnlib/dubinsrejoin_case_unsafe_43.vnnlib,2.293663267,unsat,1.818045388
rl_benchmarks,./benchmarks/rl_benchmarks/onnx/dubinsrejoin.onnx,./benchmarks/rl_benchmarks/vnnlib/dubinsrejoin_case_unsafe_44.vnnlib,2.237525921,unsat,1.814276974
rl_benchmarks,./benchmarks/rl_benchmarks/onnx/dubinsrejoin.onnx,./benchmarks/rl_benchmarks/vnnlib/dubinsrejoin_case_unsafe_45.vnnlib,2.326890164,unsat,1.784711439
rl_benchmarks,./benchmarks/rl_benchmarks/onnx/dubinsrejoin.onnx,./benchmarks/rl_benchmarks/vnnlib/dubinsrejoin_case_unsafe_46.vnnlib,2.237781279,unsat,1.769873768
rl_benchmarks,./benchmarks/rl_benchmarks/onnx/dubinsrejoin.onnx,./benchmarks/rl_benchmarks/vnnlib/dubinsrejoin_case_unsafe_47.vnnlib,2.216210105,unsat,1.794696625
rl_benchmarks,./benchmarks/rl_benchmarks/onnx/dubinsrejoin.onnx,./benchmarks/rl_benchmarks/vnnlib/dubinsrejoin_case_unsafe_48.vnnlib,2.332664465,unsat,1.782883021
rl_benchmarks,./benchmarks/rl_benchmarks/onnx/dubinsrejoin.onnx,./benchmarks/rl_benchmarks/vnnlib/dubinsrejoin_case_unsafe_49.vnnlib,2.338339587,unsat,1.809545128
rl_benchmarks,./benchmarks/rl_benchmarks/onnx/dubinsrejoin.onnx,./benchmarks/rl_benchmarks/vnnlib/dubinsrejoin_case_unsafe_50.vnnlib,2.338647653,unsat,1.806752195
rl_benchmarks,./benchmarks/rl_benchmarks/onnx/dubinsrejoin.onnx,./benchmarks/rl_benchmarks/vnnlib/dubinsrejoin_case_unsafe_51.vnnlib,2.299227933,unsat,1.803837223
rl_benchmarks,./benchmarks/rl_benchmarks/onnx/dubinsrejoin.onnx,./benchmarks/rl_benchmarks/vnnlib/dubinsrejoin_case_unsafe_52.vnnlib,2.224841693,unsat,2.356748596
rl_benchmarks,./benchmarks/rl_benchmarks/onnx/dubinsrejoin.onnx,./benchmarks/rl_benchmarks/vnnlib/dubinsrejoin_case_unsafe_53.vnnlib,2.235053108,unsat,6.834890702
rl_benchmarks,./benchmarks/rl_benchmarks/onnx/dubinsrejoin.onnx,./benchmarks/rl_benchmarks/vnnlib/dubinsrejoin_case_unsafe_54.vnnlib,2.236656664,unsat,1.794007814
rl_benchmarks,./benchmarks/rl_benchmarks/onnx/dubinsrejoin.onnx,./benchmarks/rl_benchmarks/vnnlib/dubinsrejoin_case_unsafe_55.vnnlib,2.296533416,unsat,5.777926351
rl_benchmarks,./benchmarks/rl_benchmarks/onnx/dubinsrejoin.onnx,./benchmarks/rl_benchmarks/vnnlib/dubinsrejoin_case_unsafe_56.vnnlib,2.264371222,unsat,1.784489108
rl_benchmarks,./benchmarks/rl_benchmarks/onnx/dubinsrejoin.onnx,./benchmarks/rl_benchmarks/vnnlib/dubinsrejoin_case_unsafe_57.vnnlib,2.307596893,unsat,3.031927990
rl_benchmarks,./benchmarks/rl_benchmarks/onnx/dubinsrejoin.onnx,./benchmarks/rl_benchmarks/vnnlib/dubinsrejoin_case_unsafe_58.vnnlib,2.275574372,unsat,1.799973897
rl_benchmarks,./benchmarks/rl_benchmarks/onnx/dubinsrejoin.onnx,./benchmarks/rl_benchmarks/vnnlib/dubinsrejoin_case_unsafe_59.vnnlib,2.271239594,sat,1.455603690
rl_benchmarks,./benchmarks/rl_benchmarks/onnx/dubinsrejoin.onnx,./benchmarks/rl_benchmarks/vnnlib/dubinsrejoin_case_unsafe_60.vnnlib,2.312041882,unsat,1.811378577
rl_benchmarks,./benchmarks/rl_benchmarks/onnx/dubinsrejoin.onnx,./benchmarks/rl_benchmarks/vnnlib/dubinsrejoin_case_unsafe_61.vnnlib,2.226256657,sat,1.427179076
rl_benchmarks,./benchmarks/rl_benchmarks/onnx/dubinsrejoin.onnx,./benchmarks/rl_benchmarks/vnnlib/dubinsrejoin_case_unsafe_62.vnnlib,2.330853660,unsat,2.318116682
rl_benchmarks,./benchmarks/rl_benchmarks/onnx/dubinsrejoin.onnx,./benchmarks/rl_benchmarks/vnnlib/dubinsrejoin_case_unsafe_63.vnnlib,2.351763771,unsat,3.015751856
rl_benchmarks,./benchmarks/rl_benchmarks/onnx/dubinsrejoin.onnx,./benchmarks/rl_benchmarks/vnnlib/dubinsrejoin_case_unsafe_64.vnnlib,2.258081610,unsat,2.089758499
rl_benchmarks,./benchmarks/rl_benchmarks/onnx/dubinsrejoin.onnx,./benchmarks/rl_benchmarks/vnnlib/dubinsrejoin_case_unsafe_65.vnnlib,2.237885253,unsat,1.785681503
rl_benchmarks,./benchmarks/rl_benchmarks/onnx/dubinsrejoin.onnx,./benchmarks/rl_benchmarks/vnnlib/dubinsrejoin_case_unsafe_66.vnnlib,2.237393287,unsat,8.532706885
rl_benchmarks,./benchmarks/rl_benchmarks/onnx/dubinsrejoin.onnx,./benchmarks/rl_benchmarks/vnnlib/dubinsrejoin_case_unsafe_67.vnnlib,2.334152813,sat,8.025764704
rl_benchmarks,./benchmarks/rl_benchmarks/onnx/dubinsrejoin.onnx,./benchmarks/rl_benchmarks/vnnlib/dubinsrejoin_case_unsafe_68.vnnlib,2.319979988,sat,9.599431772
rl_benchmarks,./benchmarks/rl_benchmarks/onnx/dubinsrejoin.onnx,./benchmarks/rl_benchmarks/vnnlib/dubinsrejoin_case_unsafe_69.vnnlib,2.260630490,sat,1.459812007
rl_benchmarks,./benchmarks/rl_benchmarks/onnx/dubinsrejoin.onnx,./benchmarks/rl_benchmarks/vnnlib/dubinsrejoin_case_unsafe_70.vnnlib,2.283428677,unsat,1.777615844
rl_benchmarks,./benchmarks/rl_benchmarks/onnx/dubinsrejoin.onnx,./benchmarks/rl_benchmarks/vnnlib/dubinsrejoin_case_unsafe_71.vnnlib,2.384671519,sat,6.849375171
rl_benchmarks,./benchmarks/rl_benchmarks/onnx/dubinsrejoin.onnx,./benchmarks/rl_benchmarks/vnnlib/dubinsrejoin_case_unsafe_72.vnnlib,2.291205404,unsat,3.630318792
rl_benchmarks,./benchmarks/rl_benchmarks/onnx/dubinsrejoin.onnx,./benchmarks/rl_benchmarks/vnnlib/dubinsrejoin_case_unsafe_73.vnnlib,2.230214738,sat,7.375545189
rl_benchmarks,./benchmarks/rl_benchmarks/onnx/dubinsrejoin.onnx,./benchmarks/rl_benchmarks/vnnlib/dubinsrejoin_case_unsafe_74.vnnlib,2.361880881,unsat,1.800353712
rl_benchmarks,./benchmarks/rl_benchmarks/onnx/dubinsrejoin.onnx,./benchmarks/rl_benchmarks/vnnlib/dubinsrejoin_case_unsafe_75.vnnlib,2.232265157,sat,1.452280057
rl_benchmarks,./benchmarks/rl_benchmarks/onnx/dubinsrejoin.onnx,./benchmarks/rl_benchmarks/vnnlib/dubinsrejoin_case_unsafe_76.vnnlib,2.288490959,unsat,1.788386999
rl_benchmarks,./benchmarks/rl_benchmarks/onnx/dubinsrejoin.onnx,./benchmarks/rl_benchmarks/vnnlib/dubinsrejoin_case_unsafe_77.vnnlib,2.281645901,unsat,1.764399078
rl_benchmarks,./benchmarks/rl_benchmarks/onnx/dubinsrejoin.onnx,./benchmarks/rl_benchmarks/vnnlib/dubinsrejoin_case_unsafe_78.vnnlib,2.302726713,sat,1.444073996
rl_benchmarks,./benchmarks/rl_benchmarks/onnx/dubinsrejoin.onnx,./benchmarks/rl_benchmarks/vnnlib/dubinsrejoin_case_unsafe_79.vnnlib,2.282763299,unsat,1.798294544
rl_benchmarks,./benchmarks/rl_benchmarks/onnx/dubinsrejoin.onnx,./benchmarks/rl_benchmarks/vnnlib/dubinsrejoin_case_unsafe_80.vnnlib,2.273854044,sat,1.446137928
rl_benchmarks,./benchmarks/rl_benchmarks/onnx/dubinsrejoin.onnx,./benchmarks/rl_benchmarks/vnnlib/dubinsrejoin_case_unsafe_81.vnnlib,2.318682135,unsat,1.783711811
rl_benchmarks,./benchmarks/rl_benchmarks/onnx/dubinsrejoin.onnx,./benchmarks/rl_benchmarks/vnnlib/dubinsrejoin_case_unsafe_82.vnnlib,2.269950420,sat,1.452842658
rl_benchmarks,./benchmarks/rl_benchmarks/onnx/dubinsrejoin.onnx,./benchmarks/rl_benchmarks/vnnlib/dubinsrejoin_case_unsafe_83.vnnlib,2.316657475,unsat,1.765021154
rl_benchmarks,./benchmarks/rl_benchmarks/onnx/dubinsrejoin.onnx,./benchmarks/rl_benchmarks/vnnlib/dubinsrejoin_case_unsafe_84.vnnlib,2.352566116,sat,8.282919523
rl_benchmarks,./benchmarks/rl_benchmarks/onnx/dubinsrejoin.onnx,./benchmarks/rl_benchmarks/vnnlib/dubinsrejoin_case_unsafe_85.vnnlib,2.311893036,unsat,2.797890416
rl_benchmarks,./benchmarks/rl_benchmarks/onnx/dubinsrejoin.onnx,./benchmarks/rl_benchmarks/vnnlib/dubinsrejoin_case_unsafe_86.vnnlib,2.212406622,unsat,1.784245560
rl_benchmarks,./benchmarks/rl_benchmarks/onnx/dubinsrejoin.onnx,./benchmarks/rl_benchmarks/vnnlib/dubinsrejoin_case_unsafe_87.vnnlib,2.316138687,sat,3.774279888
rl_benchmarks,./benchmarks/rl_benchmarks/onnx/dubinsrejoin.onnx,./benchmarks/rl_benchmarks/vnnlib/dubinsrejoin_case_unsafe_88.vnnlib,2.284247268,sat,1.444328388
rl_benchmarks,./benchmarks/rl_benchmarks/onnx/dubinsrejoin.onnx,./benchmarks/rl_benchmarks/vnnlib/dubinsrejoin_case_unsafe_89.vnnlib,2.230492510,sat,7.274681579
rl_benchmarks,./benchmarks/rl_benchmarks/onnx/dubinsrejoin.onnx,./benchmarks/rl_benchmarks/vnnlib/dubinsrejoin_case_unsafe_90.vnnlib,2.255358825,unsat,1.789266669
rl_benchmarks,./benchmarks/rl_benchmarks/onnx/dubinsrejoin.onnx,./benchmarks/rl_benchmarks/vnnlib/dubinsrejoin_case_unsafe_91.vnnlib,2.279853014,unsat,1.770860515
rl_benchmarks,./benchmarks/rl_benchmarks/onnx/dubinsrejoin.onnx,./benchmarks/rl_benchmarks/vnnlib/dubinsrejoin_case_unsafe_92.vnnlib,2.293018758,unsat,1.770135026
rl_benchmarks,./benchmarks/rl_benchmarks/onnx/dubinsrejoin.onnx,./benchmarks/rl_benchmarks/vnnlib/dubinsrejoin_case_unsafe_93.vnnlib,2.288697017,sat,1.458830919
rl_benchmarks,./benchmarks/rl_benchmarks/onnx/dubinsrejoin.onnx,./benchmarks/rl_benchmarks/vnnlib/dubinsrejoin_case_unsafe_94.vnnlib,2.365304868,sat,1.485347504
rl_benchmarks,./benchmarks/rl_benchmarks/onnx/dubinsrejoin.onnx,./benchmarks/rl_benchmarks/vnnlib/dubinsrejoin_case_unsafe_95.vnnlib,2.324616760,sat,1.482276871
rl_benchmarks,./benchmarks/test/test_nano.onnx,./benchmarks/test/test_nano.vnnlib,2.524129443,unsat,1.400372547
