cifar2020,./benchmarks/cifar2020/onnx/cifar10_2_255_simplified.onnx,./benchmarks/cifar2020/vnnlib/cifar10_spec_idx_0_eps_0.00784_n1.vnnlib,3.131355385,sat,7.908422964
cifar2020,./benchmarks/cifar2020/onnx/cifar10_2_255_simplified.onnx,./benchmarks/cifar2020/vnnlib/cifar10_spec_idx_1_eps_0.00784_n1.vnnlib,3.109808119,unsat,7.585326613
cifar2020,./benchmarks/cifar2020/onnx/cifar10_2_255_simplified.onnx,./benchmarks/cifar2020/vnnlib/cifar10_spec_idx_2_eps_0.00784_n1.vnnlib,3.100000450,unsat,14.245788975
cifar2020,./benchmarks/cifar2020/onnx/cifar10_2_255_simplified.onnx,./benchmarks/cifar2020/vnnlib/cifar10_spec_idx_3_eps_0.00784_n1.vnnlib,3.109038116,unsat,7.684035687
cifar2020,./benchmarks/cifar2020/onnx/cifar10_2_255_simplified.onnx,./benchmarks/cifar2020/vnnlib/cifar10_spec_idx_4_eps_0.00784_n1.vnnlib,3.316356435,unsat,179.500157286
cifar2020,./benchmarks/cifar2020/onnx/cifar10_2_255_simplified.onnx,./benchmarks/cifar2020/vnnlib/cifar10_spec_idx_5_eps_0.00784_n1.vnnlib,3.070750073,unsat,10.056189059
cifar2020,./benchmarks/cifar2020/onnx/cifar10_2_255_simplified.onnx,./benchmarks/cifar2020/vnnlib/cifar10_spec_idx_6_eps_0.00784_n1.vnnlib,3.131604654,unsat,7.709883768
cifar2020,./benchmarks/cifar2020/onnx/cifar10_2_255_simplified.onnx,./benchmarks/cifar2020/vnnlib/cifar10_spec_idx_8_eps_0.00784_n1.vnnlib,3.331580123,timeout,310.159071532
cifar2020,./benchmarks/cifar2020/onnx/cifar10_2_255_simplified.onnx,./benchmarks/cifar2020/vnnlib/cifar10_spec_idx_9_eps_0.00784_n1.vnnlib,3.288574383,unsat,21.660272105
cifar2020,./benchmarks/cifar2020/onnx/cifar10_2_255_simplified.onnx,./benchmarks/cifar2020/vnnlib/cifar10_spec_idx_10_eps_0.00784_n1.vnnlib,3.110893515,unsat,7.708580905
cifar2020,./benchmarks/cifar2020/onnx/cifar10_2_255_simplified.onnx,./benchmarks/cifar2020/vnnlib/cifar10_spec_idx_11_eps_0.00784_n1.vnnlib,3.339701582,unsat,7.814401751
cifar2020,./benchmarks/cifar2020/onnx/cifar10_2_255_simplified.onnx,./benchmarks/cifar2020/vnnlib/cifar10_spec_idx_12_eps_0.00784_n1.vnnlib,3.228204176,sat,7.780506060
cifar2020,./benchmarks/cifar2020/onnx/cifar10_2_255_simplified.onnx,./benchmarks/cifar2020/vnnlib/cifar10_spec_idx_13_eps_0.00784_n1.vnnlib,3.121147220,unsat,7.739102730
cifar2020,./benchmarks/cifar2020/onnx/cifar10_2_255_simplified.onnx,./benchmarks/cifar2020/vnnlib/cifar10_spec_idx_14_eps_0.00784_n1.vnnlib,3.093265380,unsat,7.665211192
cifar2020,./benchmarks/cifar2020/onnx/cifar10_2_255_simplified.onnx,./benchmarks/cifar2020/vnnlib/cifar10_spec_idx_15_eps_0.00784_n1.vnnlib,3.111967323,unsat,7.644558968
cifar2020,./benchmarks/cifar2020/onnx/cifar10_2_255_simplified.onnx,./benchmarks/cifar2020/vnnlib/cifar10_spec_idx_16_eps_0.00784_n1.vnnlib,3.118870994,unsat,40.688732347
cifar2020,./benchmarks/cifar2020/onnx/cifar10_2_255_simplified.onnx,./benchmarks/cifar2020/vnnlib/cifar10_spec_idx_17_eps_0.00784_n1.vnnlib,3.101737516,unsat,7.706115735
cifar2020,./benchmarks/cifar2020/onnx/cifar10_2_255_simplified.onnx,./benchmarks/cifar2020/vnnlib/cifar10_spec_idx_18_eps_0.00784_n1.vnnlib,3.124739790,unsat,7.665962885
cifar2020,./benchmarks/cifar2020/onnx/cifar10_2_255_simplified.onnx,./benchmarks/cifar2020/vnnlib/cifar10_spec_idx_19_eps_0.00784_n1.vnnlib,3.106827469,unsat,7.667595011
cifar2020,./benchmarks/cifar2020/onnx/cifar10_2_255_simplified.onnx,./benchmarks/cifar2020/vnnlib/cifar10_spec_idx_20_eps_0.00784_n1.vnnlib,3.120200286,unsat,7.696487639
cifar2020,./benchmarks/cifar2020/onnx/cifar10_2_255_simplified.onnx,./benchmarks/cifar2020/vnnlib/cifar10_spec_idx_21_eps_0.00784_n1.vnnlib,3.118646310,unsat,7.596506790
cifar2020,./benchmarks/cifar2020/onnx/cifar10_2_255_simplified.onnx,./benchmarks/cifar2020/vnnlib/cifar10_spec_idx_23_eps_0.00784_n1.vnnlib,3.098206859,unsat,7.716483673
cifar2020,./benchmarks/cifar2020/onnx/cifar10_2_255_simplified.onnx,./benchmarks/cifar2020/vnnlib/cifar10_spec_idx_25_eps_0.00784_n1.vnnlib,3.094078443,unsat,10.653953278
cifar2020,./benchmarks/cifar2020/onnx/cifar10_2_255_simplified.onnx,./benchmarks/cifar2020/vnnlib/cifar10_spec_idx_26_eps_0.00784_n1.vnnlib,3.103707259,sat,7.886629979
cifar2020,./benchmarks/cifar2020/onnx/cifar10_2_255_simplified.onnx,./benchmarks/cifar2020/vnnlib/cifar10_spec_idx_27_eps_0.00784_n1.vnnlib,3.120352128,timeout,303.560397087
cifar2020,./benchmarks/cifar2020/onnx/cifar10_2_255_simplified.onnx,./benchmarks/cifar2020/vnnlib/cifar10_spec_idx_28_eps_0.00784_n1.vnnlib,3.251657405,sat,7.823871273
cifar2020,./benchmarks/cifar2020/onnx/cifar10_2_255_simplified.onnx,./benchmarks/cifar2020/vnnlib/cifar10_spec_idx_29_eps_0.00784_n1.vnnlib,3.103262521,unsat,7.681518846
cifar2020,./benchmarks/cifar2020/onnx/cifar10_2_255_simplified.onnx,./benchmarks/cifar2020/vnnlib/cifar10_spec_idx_30_eps_0.00784_n1.vnnlib,3.129391344,timeout,309.817425974
cifar2020,./benchmarks/cifar2020/onnx/cifar10_2_255_simplified.onnx,./benchmarks/cifar2020/vnnlib/cifar10_spec_idx_31_eps_0.00784_n1.vnnlib,3.085249653,sat,7.826080133
cifar2020,./benchmarks/cifar2020/onnx/cifar10_2_255_simplified.onnx,./benchmarks/cifar2020/vnnlib/cifar10_spec_idx_32_eps_0.00784_n1.vnnlib,3.115117385,sat,8.094341549
cifar2020,./benchmarks/cifar2020/onnx/cifar10_2_255_simplified.onnx,./benchmarks/cifar2020/vnnlib/cifar10_spec_idx_33_eps_0.00784_n1.vnnlib,3.116298935,timeout,303.844691475
cifar2020,./benchmarks/cifar2020/onnx/cifar10_2_255_simplified.onnx,./benchmarks/cifar2020/vnnlib/cifar10_spec_idx_34_eps_0.00784_n1.vnnlib,3.102602284,unsat,7.644529569
cifar2020,./benchmarks/cifar2020/onnx/cifar10_2_255_simplified.onnx,./benchmarks/cifar2020/vnnlib/cifar10_spec_idx_36_eps_0.00784_n1.vnnlib,3.107403441,sat,7.811121052
cifar2020,./benchmarks/cifar2020/onnx/cifar10_2_255_simplified.onnx,./benchmarks/cifar2020/vnnlib/cifar10_spec_idx_37_eps_0.00784_n1.vnnlib,3.121364157,sat,7.742525472
cifar2020,./benchmarks/cifar2020/onnx/cifar10_2_255_simplified.onnx,./benchmarks/cifar2020/vnnlib/cifar10_spec_idx_38_eps_0.00784_n1.vnnlib,3.115137187,unsat,7.718233640
cifar2020,./benchmarks/cifar2020/onnx/cifar10_2_255_simplified.onnx,./benchmarks/cifar2020/vnnlib/cifar10_spec_idx_39_eps_0.00784_n1.vnnlib,3.120859729,unsat,10.030890827
cifar2020,./benchmarks/cifar2020/onnx/cifar10_2_255_simplified.onnx,./benchmarks/cifar2020/vnnlib/cifar10_spec_idx_40_eps_0.00784_n1.vnnlib,3.106687049,unsat,7.613971664
cifar2020,./benchmarks/cifar2020/onnx/cifar10_2_255_simplified.onnx,./benchmarks/cifar2020/vnnlib/cifar10_spec_idx_41_eps_0.00784_n1.vnnlib,3.107400511,unsat,7.665629090
cifar2020,./benchmarks/cifar2020/onnx/cifar10_2_255_simplified.onnx,./benchmarks/cifar2020/vnnlib/cifar10_spec_idx_42_eps_0.00784_n1.vnnlib,3.134012251,unsat,10.574047856
cifar2020,./benchmarks/cifar2020/onnx/cifar10_2_255_simplified.onnx,./benchmarks/cifar2020/vnnlib/cifar10_spec_idx_43_eps_0.00784_n1.vnnlib,3.117578036,unsat,7.719181816
cifar2020,./benchmarks/cifar2020/onnx/cifar10_2_255_simplified.onnx,./benchmarks/cifar2020/vnnlib/cifar10_spec_idx_44_eps_0.00784_n1.vnnlib,3.107899839,unsat,7.678088331
cifar2020,./benchmarks/cifar2020/onnx/cifar10_2_255_simplified.onnx,./benchmarks/cifar2020/vnnlib/cifar10_spec_idx_45_eps_0.00784_n1.vnnlib,3.361283405,unsat,7.696297906
cifar2020,./benchmarks/cifar2020/onnx/cifar10_2_255_simplified.onnx,./benchmarks/cifar2020/vnnlib/cifar10_spec_idx_46_eps_0.00784_n1.vnnlib,3.118625142,unsat,7.721230239
cifar2020,./benchmarks/cifar2020/onnx/cifar10_2_255_simplified.onnx,./benchmarks/cifar2020/vnnlib/cifar10_spec_idx_48_eps_0.00784_n1.vnnlib,3.096715529,unsat,73.980878340
cifar2020,./benchmarks/cifar2020/onnx/cifar10_2_255_simplified.onnx,./benchmarks/cifar2020/vnnlib/cifar10_spec_idx_50_eps_0.00784_n1.vnnlib,3.091046837,unsat,107.554508487
cifar2020,./benchmarks/cifar2020/onnx/cifar10_2_255_simplified.onnx,./benchmarks/cifar2020/vnnlib/cifar10_spec_idx_51_eps_0.00784_n1.vnnlib,3.108545459,unsat,11.948870694
cifar2020,./benchmarks/cifar2020/onnx/cifar10_2_255_simplified.onnx,./benchmarks/cifar2020/vnnlib/cifar10_spec_idx_53_eps_0.00784_n1.vnnlib,3.100783074,timeout,304.208540837
cifar2020,./benchmarks/cifar2020/onnx/cifar10_2_255_simplified.onnx,./benchmarks/cifar2020/vnnlib/cifar10_spec_idx_54_eps_0.00784_n1.vnnlib,3.094065355,unsat,7.601421112
cifar2020,./benchmarks/cifar2020/onnx/cifar10_2_255_simplified.onnx,./benchmarks/cifar2020/vnnlib/cifar10_spec_idx_55_eps_0.00784_n1.vnnlib,3.118514391,unsat,7.609288660
cifar2020,./benchmarks/cifar2020/onnx/cifar10_2_255_simplified.onnx,./benchmarks/cifar2020/vnnlib/cifar10_spec_idx_60_eps_0.00784_n1.vnnlib,3.127429415,unsat,7.633563453
cifar2020,./benchmarks/cifar2020/onnx/cifar10_2_255_simplified.onnx,./benchmarks/cifar2020/vnnlib/cifar10_spec_idx_62_eps_0.00784_n1.vnnlib,3.113469329,unsat,7.622865602
cifar2020,./benchmarks/cifar2020/onnx/cifar10_2_255_simplified.onnx,./benchmarks/cifar2020/vnnlib/cifar10_spec_idx_64_eps_0.00784_n1.vnnlib,3.122378904,unsat,27.596357635
cifar2020,./benchmarks/cifar2020/onnx/cifar10_2_255_simplified.onnx,./benchmarks/cifar2020/vnnlib/cifar10_spec_idx_65_eps_0.00784_n1.vnnlib,3.104917470,sat,7.800775724
cifar2020,./benchmarks/cifar2020/onnx/cifar10_2_255_simplified.onnx,./benchmarks/cifar2020/vnnlib/cifar10_spec_idx_66_eps_0.00784_n1.vnnlib,3.108081391,unsat,14.774758284
cifar2020,./benchmarks/cifar2020/onnx/cifar10_2_255_simplified.onnx,./benchmarks/cifar2020/vnnlib/cifar10_spec_idx_67_eps_0.00784_n1.vnnlib,3.123001593,unsat,7.593162730
cifar2020,./benchmarks/cifar2020/onnx/cifar10_2_255_simplified.onnx,./benchmarks/cifar2020/vnnlib/cifar10_spec_idx_68_eps_0.00784_n1.vnnlib,3.114733848,unsat,65.593198950
cifar2020,./benchmarks/cifar2020/onnx/cifar10_2_255_simplified.onnx,./benchmarks/cifar2020/vnnlib/cifar10_spec_idx_71_eps_0.00784_n1.vnnlib,3.108562859,unsat,85.976499982
cifar2020,./benchmarks/cifar2020/onnx/cifar10_2_255_simplified.onnx,./benchmarks/cifar2020/vnnlib/cifar10_spec_idx_72_eps_0.00784_n1.vnnlib,3.101444023,unsat,7.581816417
cifar2020,./benchmarks/cifar2020/onnx/cifar10_2_255_simplified.onnx,./benchmarks/cifar2020/vnnlib/cifar10_spec_idx_73_eps_0.00784_n1.vnnlib,3.124539148,unsat,7.678876519
cifar2020,./benchmarks/cifar2020/onnx/cifar10_2_255_simplified.onnx,./benchmarks/cifar2020/vnnlib/cifar10_spec_idx_74_eps_0.00784_n1.vnnlib,3.146856589,sat,7.820035396
cifar2020,./benchmarks/cifar2020/onnx/cifar10_2_255_simplified.onnx,./benchmarks/cifar2020/vnnlib/cifar10_spec_idx_75_eps_0.00784_n1.vnnlib,3.087228543,unsat,7.619449157
cifar2020,./benchmarks/cifar2020/onnx/cifar10_2_255_simplified.onnx,./benchmarks/cifar2020/vnnlib/cifar10_spec_idx_76_eps_0.00784_n1.vnnlib,3.110161915,sat,7.878600524
cifar2020,./benchmarks/cifar2020/onnx/cifar10_2_255_simplified.onnx,./benchmarks/cifar2020/vnnlib/cifar10_spec_idx_77_eps_0.00784_n1.vnnlib,3.112363730,unsat,11.354491715
cifar2020,./benchmarks/cifar2020/onnx/cifar10_2_255_simplified.onnx,./benchmarks/cifar2020/vnnlib/cifar10_spec_idx_78_eps_0.00784_n1.vnnlib,3.102602293,unsat,7.719230413
cifar2020,./benchmarks/cifar2020/onnx/cifar10_2_255_simplified.onnx,./benchmarks/cifar2020/vnnlib/cifar10_spec_idx_79_eps_0.00784_n1.vnnlib,3.109029247,unsat,7.606352984
cifar2020,./benchmarks/cifar2020/onnx/cifar10_2_255_simplified.onnx,./benchmarks/cifar2020/vnnlib/cifar10_spec_idx_80_eps_0.00784_n1.vnnlib,3.115233197,unsat,7.662972281
cifar2020,./benchmarks/cifar2020/onnx/cifar10_2_255_simplified.onnx,./benchmarks/cifar2020/vnnlib/cifar10_spec_idx_81_eps_0.00784_n1.vnnlib,3.124490487,unsat,7.684264126
cifar2020,./benchmarks/cifar2020/onnx/cifar10_2_255_simplified.onnx,./benchmarks/cifar2020/vnnlib/cifar10_spec_idx_82_eps_0.00784_n1.vnnlib,3.112819998,unsat,7.636559733
cifar2020,./benchmarks/cifar2020/onnx/cifar10_2_255_simplified.onnx,./benchmarks/cifar2020/vnnlib/cifar10_spec_idx_83_eps_0.00784_n1.vnnlib,3.113084082,unsat,7.600841385
cifar2020,./benchmarks/cifar2020/onnx/cifar10_2_255_simplified.onnx,./benchmarks/cifar2020/vnnlib/cifar10_spec_idx_84_eps_0.00784_n1.vnnlib,3.113200905,unsat,7.648400855
cifar2020,./benchmarks/cifar2020/onnx/cifar10_2_255_simplified.onnx,./benchmarks/cifar2020/vnnlib/cifar10_spec_idx_86_eps_0.00784_n1.vnnlib,3.126964748,sat,8.036240968
cifar2020,./benchmarks/cifar2020/onnx/cifar10_2_255_simplified.onnx,./benchmarks/cifar2020/vnnlib/cifar10_spec_idx_88_eps_0.00784_n1.vnnlib,3.103452347,unsat,7.677965744
cifar2020,./benchmarks/cifar2020/onnx/cifar10_2_255_simplified.onnx,./benchmarks/cifar2020/vnnlib/cifar10_spec_idx_89_eps_0.00784_n1.vnnlib,3.126771864,unsat,7.689044674
cifar2020,./benchmarks/cifar2020/onnx/cifar10_2_255_simplified.onnx,./benchmarks/cifar2020/vnnlib/cifar10_spec_idx_90_eps_0.00784_n1.vnnlib,3.142185584,unsat,7.658417728
cifar2020,./benchmarks/cifar2020/onnx/cifar10_2_255_simplified.onnx,./benchmarks/cifar2020/vnnlib/cifar10_spec_idx_92_eps_0.00784_n1.vnnlib,3.094874358,unsat,7.552882408
cifar2020,./benchmarks/cifar2020/onnx/cifar10_2_255_simplified.onnx,./benchmarks/cifar2020/vnnlib/cifar10_spec_idx_93_eps_0.00784_n1.vnnlib,3.105923927,unsat,7.720503924
cifar2020,./benchmarks/cifar2020/onnx/cifar10_2_255_simplified.onnx,./benchmarks/cifar2020/vnnlib/cifar10_spec_idx_94_eps_0.00784_n1.vnnlib,3.135197552,unsat,7.666676250
cifar2020,./benchmarks/cifar2020/onnx/cifar10_2_255_simplified.onnx,./benchmarks/cifar2020/vnnlib/cifar10_spec_idx_95_eps_0.00784_n1.vnnlib,3.132100030,sat,7.760066265
cifar2020,./benchmarks/cifar2020/onnx/cifar10_2_255_simplified.onnx,./benchmarks/cifar2020/vnnlib/cifar10_spec_idx_96_eps_0.00784_n1.vnnlib,3.128366860,unsat,7.864928513
cifar2020,./benchmarks/cifar2020/onnx/cifar10_2_255_simplified.onnx,./benchmarks/cifar2020/vnnlib/cifar10_spec_idx_97_eps_0.00784_n1.vnnlib,3.123083634,unsat,7.563282106
cifar2020,./benchmarks/cifar2020/onnx/cifar10_2_255_simplified.onnx,./benchmarks/cifar2020/vnnlib/cifar10_spec_idx_98_eps_0.00784_n1.vnnlib,3.135627507,unsat,7.639344649
cifar2020,./benchmarks/cifar2020/onnx/cifar10_2_255_simplified.onnx,./benchmarks/cifar2020/vnnlib/cifar10_spec_idx_99_eps_0.00784_n1.vnnlib,3.115136756,unsat,7.680378344
cifar2020,./benchmarks/cifar2020/onnx/cifar10_8_255_simplified.onnx,./benchmarks/cifar2020/vnnlib/cifar10_spec_idx_1_eps_0.03137_n1.vnnlib,3.090003869,unsat,7.514510576
cifar2020,./benchmarks/cifar2020/onnx/cifar10_8_255_simplified.onnx,./benchmarks/cifar2020/vnnlib/cifar10_spec_idx_2_eps_0.03137_n1.vnnlib,3.100696681,unsat,11.322531226
cifar2020,./benchmarks/cifar2020/onnx/cifar10_8_255_simplified.onnx,./benchmarks/cifar2020/vnnlib/cifar10_spec_idx_4_eps_0.03137_n1.vnnlib,3.119115450,sat,7.684735024
cifar2020,./benchmarks/cifar2020/onnx/cifar10_8_255_simplified.onnx,./benchmarks/cifar2020/vnnlib/cifar10_spec_idx_5_eps_0.03137_n1.vnnlib,3.087805663,unsat,11.727792662
cifar2020,./benchmarks/cifar2020/onnx/cifar10_8_255_simplified.onnx,./benchmarks/cifar2020/vnnlib/cifar10_spec_idx_9_eps_0.03137_n1.vnnlib,3.106559627,sat,7.588189040
cifar2020,./benchmarks/cifar2020/onnx/cifar10_8_255_simplified.onnx,./benchmarks/cifar2020/vnnlib/cifar10_spec_idx_10_eps_0.03137_n1.vnnlib,3.139821755,timeout,302.796665951
cifar2020,./benchmarks/cifar2020/onnx/cifar10_8_255_simplified.onnx,./benchmarks/cifar2020/vnnlib/cifar10_spec_idx_11_eps_0.03137_n1.vnnlib,3.103323515,unsat,8.674735082
cifar2020,./benchmarks/cifar2020/onnx/cifar10_8_255_simplified.onnx,./benchmarks/cifar2020/vnnlib/cifar10_spec_idx_13_eps_0.03137_n1.vnnlib,3.095678571,unsat,7.556138330
cifar2020,./benchmarks/cifar2020/onnx/cifar10_8_255_simplified.onnx,./benchmarks/cifar2020/vnnlib/cifar10_spec_idx_14_eps_0.03137_n1.vnnlib,3.099906599,unsat,259.317512578
cifar2020,./benchmarks/cifar2020/onnx/cifar10_8_255_simplified.onnx,./benchmarks/cifar2020/vnnlib/cifar10_spec_idx_15_eps_0.03137_n1.vnnlib,3.100535899,unsat,74.816521594
cifar2020,./benchmarks/cifar2020/onnx/cifar10_8_255_simplified.onnx,./benchmarks/cifar2020/vnnlib/cifar10_spec_idx_16_eps_0.03137_n1.vnnlib,3.097384177,unsat,7.496079013
cifar2020,./benchmarks/cifar2020/onnx/cifar10_8_255_simplified.onnx,./benchmarks/cifar2020/vnnlib/cifar10_spec_idx_18_eps_0.03137_n1.vnnlib,3.108462439,unsat,7.565128801
cifar2020,./benchmarks/cifar2020/onnx/cifar10_8_255_simplified.onnx,./benchmarks/cifar2020/vnnlib/cifar10_spec_idx_19_eps_0.03137_n1.vnnlib,3.103751722,sat,7.549729359
cifar2020,./benchmarks/cifar2020/onnx/cifar10_8_255_simplified.onnx,./benchmarks/cifar2020/vnnlib/cifar10_spec_idx_21_eps_0.03137_n1.vnnlib,3.125192973,unsat,7.590455326
cifar2020,./benchmarks/cifar2020/onnx/cifar10_8_255_simplified.onnx,./benchmarks/cifar2020/vnnlib/cifar10_spec_idx_23_eps_0.03137_n1.vnnlib,3.112934532,sat,7.605119794
cifar2020,./benchmarks/cifar2020/onnx/cifar10_8_255_simplified.onnx,./benchmarks/cifar2020/vnnlib/cifar10_spec_idx_28_eps_0.03137_n1.vnnlib,3.103313805,timeout,303.079277146
cifar2020,./benchmarks/cifar2020/onnx/cifar10_8_255_simplified.onnx,./benchmarks/cifar2020/vnnlib/cifar10_spec_idx_29_eps_0.03137_n1.vnnlib,3.119687892,unsat,7.534376248
cifar2020,./benchmarks/cifar2020/onnx/cifar10_8_255_simplified.onnx,./benchmarks/cifar2020/vnnlib/cifar10_spec_idx_30_eps_0.03137_n1.vnnlib,3.118653335,sat,7.598879691
cifar2020,./benchmarks/cifar2020/onnx/cifar10_8_255_simplified.onnx,./benchmarks/cifar2020/vnnlib/cifar10_spec_idx_32_eps_0.03137_n1.vnnlib,3.120128209,sat,7.793057326
cifar2020,./benchmarks/cifar2020/onnx/cifar10_8_255_simplified.onnx,./benchmarks/cifar2020/vnnlib/cifar10_spec_idx_33_eps_0.03137_n1.vnnlib,3.124666414,sat,7.561715615
cifar2020,./benchmarks/cifar2020/onnx/cifar10_8_255_simplified.onnx,./benchmarks/cifar2020/vnnlib/cifar10_spec_idx_34_eps_0.03137_n1.vnnlib,3.105629132,unsat,7.581782003
cifar2020,./benchmarks/cifar2020/onnx/cifar10_8_255_simplified.onnx,./benchmarks/cifar2020/vnnlib/cifar10_spec_idx_38_eps_0.03137_n1.vnnlib,3.120864392,sat,8.913153462
cifar2020,./benchmarks/cifar2020/onnx/cifar10_8_255_simplified.onnx,./benchmarks/cifar2020/vnnlib/cifar10_spec_idx_39_eps_0.03137_n1.vnnlib,3.119234364,sat,7.594291367
cifar2020,./benchmarks/cifar2020/onnx/cifar10_8_255_simplified.onnx,./benchmarks/cifar2020/vnnlib/cifar10_spec_idx_41_eps_0.03137_n1.vnnlib,3.102954799,unsat,7.492687437
cifar2020,./benchmarks/cifar2020/onnx/cifar10_8_255_simplified.onnx,./benchmarks/cifar2020/vnnlib/cifar10_spec_idx_44_eps_0.03137_n1.vnnlib,3.129095536,sat,7.709436798
cifar2020,./benchmarks/cifar2020/onnx/cifar10_8_255_simplified.onnx,./benchmarks/cifar2020/vnnlib/cifar10_spec_idx_45_eps_0.03137_n1.vnnlib,3.122410987,unsat,35.852317222
cifar2020,./benchmarks/cifar2020/onnx/cifar10_8_255_simplified.onnx,./benchmarks/cifar2020/vnnlib/cifar10_spec_idx_49_eps_0.03137_n1.vnnlib,3.132303018,unsat,8.549569642
cifar2020,./benchmarks/cifar2020/onnx/cifar10_8_255_simplified.onnx,./benchmarks/cifar2020/vnnlib/cifar10_spec_idx_50_eps_0.03137_n1.vnnlib,3.117603288,unsat,7.533003007
cifar2020,./benchmarks/cifar2020/onnx/cifar10_8_255_simplified.onnx,./benchmarks/cifar2020/vnnlib/cifar10_spec_idx_51_eps_0.03137_n1.vnnlib,3.115109047,timeout,302.471932422
cifar2020,./benchmarks/cifar2020/onnx/cifar10_8_255_simplified.onnx,./benchmarks/cifar2020/vnnlib/cifar10_spec_idx_54_eps_0.03137_n1.vnnlib,3.107147171,unsat,7.498515608
cifar2020,./benchmarks/cifar2020/onnx/cifar10_8_255_simplified.onnx,./benchmarks/cifar2020/vnnlib/cifar10_spec_idx_55_eps_0.03137_n1.vnnlib,3.121557947,unsat,7.538295020
cifar2020,./benchmarks/cifar2020/onnx/cifar10_8_255_simplified.onnx,./benchmarks/cifar2020/vnnlib/cifar10_spec_idx_60_eps_0.03137_n1.vnnlib,3.133466663,sat,7.613804046
cifar2020,./benchmarks/cifar2020/onnx/cifar10_8_255_simplified.onnx,./benchmarks/cifar2020/vnnlib/cifar10_spec_idx_64_eps_0.03137_n1.vnnlib,3.128753785,timeout,302.644959596
cifar2020,./benchmarks/cifar2020/onnx/cifar10_8_255_simplified.onnx,./benchmarks/cifar2020/vnnlib/cifar10_spec_idx_66_eps_0.03137_n1.vnnlib,3.232242560,unsat,15.607512443
cifar2020,./benchmarks/cifar2020/onnx/cifar10_8_255_simplified.onnx,./benchmarks/cifar2020/vnnlib/cifar10_spec_idx_67_eps_0.03137_n1.vnnlib,3.095838856,sat,7.625766093
cifar2020,./benchmarks/cifar2020/onnx/cifar10_8_255_simplified.onnx,./benchmarks/cifar2020/vnnlib/cifar10_spec_idx_71_eps_0.03137_n1.vnnlib,3.128121825,timeout,303.074313412
cifar2020,./benchmarks/cifar2020/onnx/cifar10_8_255_simplified.onnx,./benchmarks/cifar2020/vnnlib/cifar10_spec_idx_72_eps_0.03137_n1.vnnlib,3.115399317,unsat,35.322361993
cifar2020,./benchmarks/cifar2020/onnx/cifar10_8_255_simplified.onnx,./benchmarks/cifar2020/vnnlib/cifar10_spec_idx_73_eps_0.03137_n1.vnnlib,3.105824790,unsat,51.627681460
cifar2020,./benchmarks/cifar2020/onnx/cifar10_8_255_simplified.onnx,./benchmarks/cifar2020/vnnlib/cifar10_spec_idx_74_eps_0.03137_n1.vnnlib,3.148319726,sat,7.614814833
cifar2020,./benchmarks/cifar2020/onnx/cifar10_8_255_simplified.onnx,./benchmarks/cifar2020/vnnlib/cifar10_spec_idx_76_eps_0.03137_n1.vnnlib,3.110450756,timeout,302.818764373
cifar2020,./benchmarks/cifar2020/onnx/cifar10_8_255_simplified.onnx,./benchmarks/cifar2020/vnnlib/cifar10_spec_idx_79_eps_0.03137_n1.vnnlib,3.241149062,sat,7.606273990
cifar2020,./benchmarks/cifar2020/onnx/cifar10_8_255_simplified.onnx,./benchmarks/cifar2020/vnnlib/cifar10_spec_idx_80_eps_0.03137_n1.vnnlib,3.098731883,unsat,85.560111735
cifar2020,./benchmarks/cifar2020/onnx/cifar10_8_255_simplified.onnx,./benchmarks/cifar2020/vnnlib/cifar10_spec_idx_81_eps_0.03137_n1.vnnlib,3.118212313,unsat,7.549591529
cifar2020,./benchmarks/cifar2020/onnx/cifar10_8_255_simplified.onnx,./benchmarks/cifar2020/vnnlib/cifar10_spec_idx_82_eps_0.03137_n1.vnnlib,3.124488167,unsat,7.568537749
cifar2020,./benchmarks/cifar2020/onnx/cifar10_8_255_simplified.onnx,./benchmarks/cifar2020/vnnlib/cifar10_spec_idx_83_eps_0.03137_n1.vnnlib,3.117147255,sat,7.579704253
cifar2020,./benchmarks/cifar2020/onnx/cifar10_8_255_simplified.onnx,./benchmarks/cifar2020/vnnlib/cifar10_spec_idx_84_eps_0.03137_n1.vnnlib,3.121783483,timeout,302.981603080
cifar2020,./benchmarks/cifar2020/onnx/cifar10_8_255_simplified.onnx,./benchmarks/cifar2020/vnnlib/cifar10_spec_idx_86_eps_0.03137_n1.vnnlib,3.111402432,sat,7.596800094
cifar2020,./benchmarks/cifar2020/onnx/cifar10_8_255_simplified.onnx,./benchmarks/cifar2020/vnnlib/cifar10_spec_idx_88_eps_0.03137_n1.vnnlib,3.127384455,unsat,8.843223250
cifar2020,./benchmarks/cifar2020/onnx/cifar10_8_255_simplified.onnx,./benchmarks/cifar2020/vnnlib/cifar10_spec_idx_89_eps_0.03137_n1.vnnlib,3.135379516,sat,7.672577178
cifar2020,./benchmarks/cifar2020/onnx/cifar10_8_255_simplified.onnx,./benchmarks/cifar2020/vnnlib/cifar10_spec_idx_90_eps_0.03137_n1.vnnlib,3.128915329,sat,7.564753358
cifar2020,./benchmarks/cifar2020/onnx/cifar10_8_255_simplified.onnx,./benchmarks/cifar2020/vnnlib/cifar10_spec_idx_92_eps_0.03137_n1.vnnlib,3.122008326,unsat,7.526783675
cifar2020,./benchmarks/cifar2020/onnx/cifar10_8_255_simplified.onnx,./benchmarks/cifar2020/vnnlib/cifar10_spec_idx_95_eps_0.03137_n1.vnnlib,3.120129783,sat,7.847093275
cifar2020,./benchmarks/cifar2020/onnx/cifar10_8_255_simplified.onnx,./benchmarks/cifar2020/vnnlib/cifar10_spec_idx_96_eps_0.03137_n1.vnnlib,3.124506086,sat,16.349095691
cifar2020,./benchmarks/cifar2020/onnx/cifar10_8_255_simplified.onnx,./benchmarks/cifar2020/vnnlib/cifar10_spec_idx_97_eps_0.03137_n1.vnnlib,3.106351699,sat,44.481751280
cifar2020,./benchmarks/cifar2020/onnx/cifar10_8_255_simplified.onnx,./benchmarks/cifar2020/vnnlib/cifar10_spec_idx_98_eps_0.03137_n1.vnnlib,3.138912434,unsat,7.618373808
cifar2020,./benchmarks/cifar2020/onnx/cifar10_8_255_simplified.onnx,./benchmarks/cifar2020/vnnlib/cifar10_spec_idx_99_eps_0.03137_n1.vnnlib,3.125813948,sat,7.711138492
cifar2020,./benchmarks/cifar2020/onnx/convBigRELU__PGD.onnx,./benchmarks/cifar2020/vnnlib/cifar10_spec_idx_1_eps_0.00784.vnnlib,1.984902077,sat,7.722581391
cifar2020,./benchmarks/cifar2020/onnx/convBigRELU__PGD.onnx,./benchmarks/cifar2020/vnnlib/cifar10_spec_idx_2_eps_0.00784.vnnlib,1.984967397,sat,7.840063732
cifar2020,./benchmarks/cifar2020/onnx/convBigRELU__PGD.onnx,./benchmarks/cifar2020/vnnlib/cifar10_spec_idx_3_eps_0.00784.vnnlib,1.975055065,sat,7.748212711
cifar2020,./benchmarks/cifar2020/onnx/convBigRELU__PGD.onnx,./benchmarks/cifar2020/vnnlib/cifar10_spec_idx_4_eps_0.00784.vnnlib,1.969539124,sat,7.762965844
cifar2020,./benchmarks/cifar2020/onnx/convBigRELU__PGD.onnx,./benchmarks/cifar2020/vnnlib/cifar10_spec_idx_5_eps_0.00784.vnnlib,1.973723923,sat,7.721385620
cifar2020,./benchmarks/cifar2020/onnx/convBigRELU__PGD.onnx,./benchmarks/cifar2020/vnnlib/cifar10_spec_idx_9_eps_0.00784.vnnlib,1.955438452,sat,7.736052891
cifar2020,./benchmarks/cifar2020/onnx/convBigRELU__PGD.onnx,./benchmarks/cifar2020/vnnlib/cifar10_spec_idx_10_eps_0.00784.vnnlib,1.959469169,sat,7.750488488
cifar2020,./benchmarks/cifar2020/onnx/convBigRELU__PGD.onnx,./benchmarks/cifar2020/vnnlib/cifar10_spec_idx_11_eps_0.00784.vnnlib,1.968708930,sat,7.793723489
cifar2020,./benchmarks/cifar2020/onnx/convBigRELU__PGD.onnx,./benchmarks/cifar2020/vnnlib/cifar10_spec_idx_13_eps_0.00784.vnnlib,1.992923009,sat,7.749335620
cifar2020,./benchmarks/cifar2020/onnx/convBigRELU__PGD.onnx,./benchmarks/cifar2020/vnnlib/cifar10_spec_idx_14_eps_0.00784.vnnlib,1.978403389,sat,7.707808227
cifar2020,./benchmarks/cifar2020/onnx/convBigRELU__PGD.onnx,./benchmarks/cifar2020/vnnlib/cifar10_spec_idx_15_eps_0.00784.vnnlib,1.976735022,sat,7.761089434
cifar2020,./benchmarks/cifar2020/onnx/convBigRELU__PGD.onnx,./benchmarks/cifar2020/vnnlib/cifar10_spec_idx_18_eps_0.00784.vnnlib,1.990546829,sat,7.776461386
cifar2020,./benchmarks/cifar2020/onnx/convBigRELU__PGD.onnx,./benchmarks/cifar2020/vnnlib/cifar10_spec_idx_19_eps_0.00784.vnnlib,1.988416664,sat,7.816143078
cifar2020,./benchmarks/cifar2020/onnx/convBigRELU__PGD.onnx,./benchmarks/cifar2020/vnnlib/cifar10_spec_idx_20_eps_0.00784.vnnlib,1.963777090,sat,7.791104427
cifar2020,./benchmarks/cifar2020/onnx/convBigRELU__PGD.onnx,./benchmarks/cifar2020/vnnlib/cifar10_spec_idx_21_eps_0.00784.vnnlib,1.983637626,sat,7.736285055
cifar2020,./benchmarks/cifar2020/onnx/convBigRELU__PGD.onnx,./benchmarks/cifar2020/vnnlib/cifar10_spec_idx_23_eps_0.00784.vnnlib,1.985290293,sat,7.753190213
cifar2020,./benchmarks/cifar2020/onnx/convBigRELU__PGD.onnx,./benchmarks/cifar2020/vnnlib/cifar10_spec_idx_28_eps_0.00784.vnnlib,1.967471691,sat,7.686689191
cifar2020,./benchmarks/cifar2020/onnx/convBigRELU__PGD.onnx,./benchmarks/cifar2020/vnnlib/cifar10_spec_idx_29_eps_0.00784.vnnlib,1.974913732,sat,7.700982115
cifar2020,./benchmarks/cifar2020/onnx/convBigRELU__PGD.onnx,./benchmarks/cifar2020/vnnlib/cifar10_spec_idx_30_eps_0.00784.vnnlib,1.977259021,sat,7.747714363
cifar2020,./benchmarks/cifar2020/onnx/convBigRELU__PGD.onnx,./benchmarks/cifar2020/vnnlib/cifar10_spec_idx_32_eps_0.00784.vnnlib,1.968961775,sat,7.715894542
cifar2020,./benchmarks/cifar2020/onnx/convBigRELU__PGD.onnx,./benchmarks/cifar2020/vnnlib/cifar10_spec_idx_33_eps_0.00784.vnnlib,1.986563474,sat,7.771962002
cifar2020,./benchmarks/cifar2020/onnx/convBigRELU__PGD.onnx,./benchmarks/cifar2020/vnnlib/cifar10_spec_idx_34_eps_0.00784.vnnlib,1.974421644,sat,7.713828346
cifar2020,./benchmarks/cifar2020/onnx/convBigRELU__PGD.onnx,./benchmarks/cifar2020/vnnlib/cifar10_spec_idx_37_eps_0.00784.vnnlib,1.984096193,sat,7.751875771
cifar2020,./benchmarks/cifar2020/onnx/convBigRELU__PGD.onnx,./benchmarks/cifar2020/vnnlib/cifar10_spec_idx_38_eps_0.00784.vnnlib,1.985854772,sat,7.815580218
cifar2020,./benchmarks/cifar2020/onnx/convBigRELU__PGD.onnx,./benchmarks/cifar2020/vnnlib/cifar10_spec_idx_39_eps_0.00784.vnnlib,1.987106783,sat,7.763236469
cifar2020,./benchmarks/cifar2020/onnx/convBigRELU__PGD.onnx,./benchmarks/cifar2020/vnnlib/cifar10_spec_idx_40_eps_0.00784.vnnlib,1.987565832,sat,7.809006552
cifar2020,./benchmarks/cifar2020/onnx/convBigRELU__PGD.onnx,./benchmarks/cifar2020/vnnlib/cifar10_spec_idx_41_eps_0.00784.vnnlib,1.989666934,sat,7.781396096
cifar2020,./benchmarks/cifar2020/onnx/convBigRELU__PGD.onnx,./benchmarks/cifar2020/vnnlib/cifar10_spec_idx_43_eps_0.00784.vnnlib,1.996039049,sat,7.670977843
cifar2020,./benchmarks/cifar2020/onnx/convBigRELU__PGD.onnx,./benchmarks/cifar2020/vnnlib/cifar10_spec_idx_44_eps_0.00784.vnnlib,1.988801061,sat,7.732772097
cifar2020,./benchmarks/cifar2020/onnx/convBigRELU__PGD.onnx,./benchmarks/cifar2020/vnnlib/cifar10_spec_idx_45_eps_0.00784.vnnlib,1.946071229,sat,7.696109375
cifar2020,./benchmarks/cifar2020/onnx/convBigRELU__PGD.onnx,./benchmarks/cifar2020/vnnlib/cifar10_spec_idx_50_eps_0.00784.vnnlib,1.985466216,sat,7.802799938
cifar2020,./benchmarks/cifar2020/onnx/convBigRELU__PGD.onnx,./benchmarks/cifar2020/vnnlib/cifar10_spec_idx_51_eps_0.00784.vnnlib,1.989406524,sat,7.798832013
cifar2020,./benchmarks/cifar2020/onnx/convBigRELU__PGD.onnx,./benchmarks/cifar2020/vnnlib/cifar10_spec_idx_52_eps_0.00784.vnnlib,1.981229455,sat,7.756294474
cifar2020,./benchmarks/cifar2020/onnx/convBigRELU__PGD.onnx,./benchmarks/cifar2020/vnnlib/cifar10_spec_idx_54_eps_0.00784.vnnlib,1.974653597,sat,7.726046567
cifar2020,./benchmarks/cifar2020/onnx/convBigRELU__PGD.onnx,./benchmarks/cifar2020/vnnlib/cifar10_spec_idx_55_eps_0.00784.vnnlib,1.987345137,sat,7.822448690
cifar2020,./benchmarks/cifar2020/onnx/convBigRELU__PGD.onnx,./benchmarks/cifar2020/vnnlib/cifar10_spec_idx_60_eps_0.00784.vnnlib,1.998309837,sat,7.754221990
cifar2020,./benchmarks/cifar2020/onnx/convBigRELU__PGD.onnx,./benchmarks/cifar2020/vnnlib/cifar10_spec_idx_61_eps_0.00784.vnnlib,1.970161284,sat,7.698767287
cifar2020,./benchmarks/cifar2020/onnx/convBigRELU__PGD.onnx,./benchmarks/cifar2020/vnnlib/cifar10_spec_idx_62_eps_0.00784.vnnlib,1.983212555,sat,7.773682669
cifar2020,./benchmarks/cifar2020/onnx/convBigRELU__PGD.onnx,./benchmarks/cifar2020/vnnlib/cifar10_spec_idx_64_eps_0.00784.vnnlib,1.988749786,sat,7.804422412
cifar2020,./benchmarks/cifar2020/onnx/convBigRELU__PGD.onnx,./benchmarks/cifar2020/vnnlib/cifar10_spec_idx_66_eps_0.00784.vnnlib,2.001489559,sat,7.768137527
cifar2020,./benchmarks/cifar2020/onnx/convBigRELU__PGD.onnx,./benchmarks/cifar2020/vnnlib/cifar10_spec_idx_67_eps_0.00784.vnnlib,1.994464032,sat,7.762867158
cifar2020,./benchmarks/cifar2020/onnx/convBigRELU__PGD.onnx,./benchmarks/cifar2020/vnnlib/cifar10_spec_idx_71_eps_0.00784.vnnlib,1.977075622,sat,7.743430524
cifar2020,./benchmarks/cifar2020/onnx/convBigRELU__PGD.onnx,./benchmarks/cifar2020/vnnlib/cifar10_spec_idx_72_eps_0.00784.vnnlib,1.990050778,sat,7.726810337
cifar2020,./benchmarks/cifar2020/onnx/convBigRELU__PGD.onnx,./benchmarks/cifar2020/vnnlib/cifar10_spec_idx_73_eps_0.00784.vnnlib,2.005846031,sat,7.762507483
cifar2020,./benchmarks/cifar2020/onnx/convBigRELU__PGD.onnx,./benchmarks/cifar2020/vnnlib/cifar10_spec_idx_75_eps_0.00784.vnnlib,1.980120202,sat,7.660181265
cifar2020,./benchmarks/cifar2020/onnx/convBigRELU__PGD.onnx,./benchmarks/cifar2020/vnnlib/cifar10_spec_idx_76_eps_0.00784.vnnlib,1.992259855,sat,7.771699256
cifar2020,./benchmarks/cifar2020/onnx/convBigRELU__PGD.onnx,./benchmarks/cifar2020/vnnlib/cifar10_spec_idx_78_eps_0.00784.vnnlib,1.997098786,sat,7.722972042
cifar2020,./benchmarks/cifar2020/onnx/convBigRELU__PGD.onnx,./benchmarks/cifar2020/vnnlib/cifar10_spec_idx_79_eps_0.00784.vnnlib,1.994735337,sat,7.771619834
cifar2020,./benchmarks/cifar2020/onnx/convBigRELU__PGD.onnx,./benchmarks/cifar2020/vnnlib/cifar10_spec_idx_80_eps_0.00784.vnnlib,1.984381063,sat,7.709694822
cifar2020,./benchmarks/cifar2020/onnx/convBigRELU__PGD.onnx,./benchmarks/cifar2020/vnnlib/cifar10_spec_idx_81_eps_0.00784.vnnlib,1.973576373,sat,7.735865998
cifar2020,./benchmarks/cifar2020/onnx/convBigRELU__PGD.onnx,./benchmarks/cifar2020/vnnlib/cifar10_spec_idx_82_eps_0.00784.vnnlib,1.998658441,sat,7.677883971
cifar2020,./benchmarks/cifar2020/onnx/convBigRELU__PGD.onnx,./benchmarks/cifar2020/vnnlib/cifar10_spec_idx_83_eps_0.00784.vnnlib,2.008454385,sat,7.755656348
cifar2020,./benchmarks/cifar2020/onnx/convBigRELU__PGD.onnx,./benchmarks/cifar2020/vnnlib/cifar10_spec_idx_84_eps_0.00784.vnnlib,1.986554689,sat,7.738963649
cifar2020,./benchmarks/cifar2020/onnx/convBigRELU__PGD.onnx,./benchmarks/cifar2020/vnnlib/cifar10_spec_idx_86_eps_0.00784.vnnlib,1.987600877,sat,7.836408406
cifar2020,./benchmarks/cifar2020/onnx/convBigRELU__PGD.onnx,./benchmarks/cifar2020/vnnlib/cifar10_spec_idx_88_eps_0.00784.vnnlib,1.978785991,sat,7.744624955
cifar2020,./benchmarks/cifar2020/onnx/convBigRELU__PGD.onnx,./benchmarks/cifar2020/vnnlib/cifar10_spec_idx_89_eps_0.00784.vnnlib,1.998772113,sat,7.719628547
cifar2020,./benchmarks/cifar2020/onnx/convBigRELU__PGD.onnx,./benchmarks/cifar2020/vnnlib/cifar10_spec_idx_90_eps_0.00784.vnnlib,1.981849601,sat,7.732016494
cifar2020,./benchmarks/cifar2020/onnx/convBigRELU__PGD.onnx,./benchmarks/cifar2020/vnnlib/cifar10_spec_idx_92_eps_0.00784.vnnlib,1.980275674,sat,7.758557237
cifar2020,./benchmarks/cifar2020/onnx/convBigRELU__PGD.onnx,./benchmarks/cifar2020/vnnlib/cifar10_spec_idx_93_eps_0.00784.vnnlib,1.999567147,sat,7.811234305
cifar2020,./benchmarks/cifar2020/onnx/convBigRELU__PGD.onnx,./benchmarks/cifar2020/vnnlib/cifar10_spec_idx_94_eps_0.00784.vnnlib,1.999215530,sat,7.630104953
cifar2020,./benchmarks/cifar2020/onnx/convBigRELU__PGD.onnx,./benchmarks/cifar2020/vnnlib/cifar10_spec_idx_95_eps_0.00784.vnnlib,1.987010448,sat,7.749265989
cifar2020,./benchmarks/cifar2020/onnx/convBigRELU__PGD.onnx,./benchmarks/cifar2020/vnnlib/cifar10_spec_idx_96_eps_0.00784.vnnlib,1.980353316,sat,7.754519098
cifar2020,./benchmarks/cifar2020/onnx/convBigRELU__PGD.onnx,./benchmarks/cifar2020/vnnlib/cifar10_spec_idx_97_eps_0.00784.vnnlib,1.982926289,sat,7.875355995
cifar2020,./benchmarks/cifar2020/onnx/convBigRELU__PGD.onnx,./benchmarks/cifar2020/vnnlib/cifar10_spec_idx_98_eps_0.00784.vnnlib,1.991331410,sat,7.753233998
cifar2020,./benchmarks/cifar2020/onnx/convBigRELU__PGD.onnx,./benchmarks/cifar2020/vnnlib/cifar10_spec_idx_99_eps_0.00784.vnnlib,1.985373520,sat,7.722494125
cifar2020,./benchmarks/test/test_nano.onnx,./benchmarks/test/test_nano.vnnlib,1.956210233,sat,7.746910012
